324604196
312399100
312399108
312399127
312399124
312399149
319087638
322158740
327296914
327636411
318813729
326724998
318813718
312399467
312399295
312399294
312399305
312399752
320202435
327630532
312856007
318716374
318716431
322162895
322162955
312409961
324589091
322163413
318725310
318726088
318726095
318726179
319036751
318727354
318727451
318727632
320241509
322163298
327597106
318729673
318731998
318731996
318734476
327866301
319036767
319038349
319038356
312269297
320288171
318809711
322170583
322175587
322170007
318799310
318799414
323835870
318801441
318801987
318802244
318803914
300462184
318808372
323836171
299742991
322177273
318810434
318811898
315872804
318813730
318813736
318813738
318813773
327255671
323415819
318734048
300352526
322174730
327234901
320203830
320203834
320203835
320204087
320204176
320204188
320204198
320204267
320204457
320204512
320204657
320204659
320204741
320204913
323836255
323836246
322183222
323837434
322183228
319537023
322181723
322183309
322181724
322181722
322181732
322181734
322181733
322181736
322181738
322181745
322181741
322181740
322182089
319174125
322184212
322181906
322181900
322182297
322182067
322662961
322184838
322185427
324541087
319157524
319159214
319163401
322184088
321546487
321546515
324541086
322183979
319177124
324600980
327637632
319186593
322184837
322184077
322184441
322184365
322184640
320384424
322185354
322185279
322185212
320390963
318948572
320377880
326712503
305855669
318992419
318993391
318993821
318994193
318994700
318994730
318994856
310579664
323801978
319041051
321596857
321596874
324546329
318983508
319066408
324544915
324545319
318951798
322666249
322666914
314198927
327335322
304519455
319041977
319042168
322689946
321850116
321850079
321850218
320402317
320406393
320405353
320403652
327373924
320403504
324589095
321850162
320403688
320403707
320403377
321850504
322192130
319042172
321853635
321853629
321854080
322191421
322191391
322192840
320405015
320404545
320405206
322192411
320405354
322194337
322194774
322667232
324545018
314204232
319170806
312508853
319172819
323865633
319173207
319174064
322673389
319157016
322199097
322199098
322199107
319165394
319166415
322199248
322200050
319175393
319186818
319186834
319187204
319187396
322666719
324546058
320432882
323866613
319043170
319043261
321853134
322199255
319043244
319043264
319043263
319043308
319043288
319043368
322199265
319182429
319182768
322204459
319186152
319186370
319186414
319186463
319186468
319186481
319186489
319186496
319186497
319186516
319186542
319186634
319186646
319186692
322203129
322201580
319043322
312455271
312456598
320440341
320440342
320440344
312455602
320435658
312455767
320437029
312455836
319299406
319299416
319043933
320439989
319043946
319043991
321854366
319044027
318707996
324546468
312372280
318707797
320442113
320442084
318707897
318707900
318708564
318707902
319044011
318707932
318708817
318708820
318708874
318708827
318709383
318708885
318709544
318708870
324546452
318709745
319045416
319045411
320172948
319045438
319045880
319045448
319046231
316867436
319722685
319045931
319159136
319170319
317833077
319187903
319045985
324546739
319046005
325193328
319046070
319046046
324546526
319159597
321586181
321586754
321586811
321586912
321586954
321587500
321587502
321587508
321587516
321587968
321588509
321588525
321588543
321588848
321589003
321589252
321589527
315447684
315448857
315449416
315449423
315449429
315452480
315452498
315452526
316588193
316590152
316590470
316591096
316592454
316592843
321589823
321589962
321589999
321590095
321590112
321590359
321590441
316593060
316593280
316594847
317831310
317831872
317831875
319160497
319163415
319163609
319172013
319173208
321588659
316590160
316590201
316593234
317831595
319159303
319159407
319162960
320139073
320139077
322146588
318720927
319046195
319404639
318727382
319046225
319046435
319046224
319046350
319046351
319046252
313842350
324589218
326418638
318724136
325211872
325212749
325211975
325214015
325213778
325212389
325213987
325214035
325212797
324547050
318725282
323875951
319048364
318806068
299358569
318724479
318724478
324589914
318725773
319753691
319048562
318726268
319048575
319049365
312401224
312400968
312401228
312400987
312400969
312400989
312401007
312401181
313463857
320203819
327598008
320203829
324399865
320205224
324605387
320204910
320205241
320205270
320221853
320362239
320205265
322160306
312402069
312401723
322669975
312582565
320203798
320203837
323826254
312401378
321849827
320181187
319044004
320205296
320205692
320205276
319034084
320206477
324419676
319158055
319158034
320266895
321692082
322167923
322170837
327348824
318780806
301012969
322168233
322168450
301012965
300818475
322169625
319037854
319756910
327240915
322170749
323836184
322177894
315306705
322178504
317834243
324541057
323836291
317834161
322180261
324565654
319038692
322179850
322179703
322180262
319176444
319159666
323419183
322666791
307015259
327318504
307013185
320385633
320379082
320378891
319065843
319066280
322665712
319065682
320385235
319187626
322190075
318959708
319054514
318960003
318960022
318976890
319041804
316429547
312399252
313764741
313855234
319041499
320396660
322190362
319065240
319065380
319065375
319065456
319065451
319066458
319066459
319066494
319066517
319066533
319066522
319066562
319066573
322190188
319067363
319067794
324546438
324546445
319068471
319068693
319046013
319068695
319068832
319069116
319069161
319041471
319041156
319041780
313752756
319069998
319070017
319070063
319070339
319070495
319046194
319046226
319046411
319046584
322190363
319156493
319041756
319085028
319085077
319085080
319085186
319085263
319085271
319085285
319085337
319042187
319085489
319085683
319085690
319085711
319085811
319085857
314198641
319085883
319086064
322191294
319086858
322191543
322191435
322192775
322191647
322192623
322191944
322193014
322193251
321850062
319087359
319087412
319087479
321849968
319087705
321850157
319087707
319087719
319087863
319088036
318960511
319088126
319088158
323862589
319088222
319088283
319088467
319089285
319088562
319088659
319089307
319088751
319088837
319088890
319017800
319089646
319070811
319071214
319071223
319071428
319071479
322190240
319041831
322190558
322190765
322190907
322190812
322191131
319033716
319035532
319040907
323865635
322669965
319317130
300517414
327544555
321598566
321665399
327394773
319042845
319042853
319042971
265207558
319042887
322197808
323417882
321853359
322197287
322196741
320203839
319157568
319157581
319157585
319157877
319157884
319157940
319157992
319158048
319158066
319158133
319158192
319158206
319158215
319158414
319158419
319158965
319159188
319159474
319159487
319159491
319159516
319159612
319159755
319159810
327427179
319043024
322666553
322197890
322198712
319043040
323864988
324969676
325077507
327425789
319156848
319157162
319157169
319157183
319157291
319157314
319157372
319157385
319157387
319157464
319168125
319168380
319043046
320431106
320431107
322207064
322207063
322207073
322207399
322207296
322207398
322207397
322207940
322205133
322205466
322208872
322206299
322206262
322205295
300301445
300306958
300313049
300314688
300476171
300485644
300524313
322205541
300794628
322452488
324415300
304913347
322391565
319043901
319043845
312399218
320375365
322205743
322206105
323463244
323868887
323868891
323868967
323868909
323868931
323868933
322207405
322207240
320434861
322207071
319043872
321386695
322207058
321854079
322190559
324546415
322665506
324546436
324546683
324546450
322667093
321854263
319043967
319006190
318709212
258136577
314997253
315306101
315306607
315307098
315449179
315846683
315856471
315863395
316055796
316057536
316057888
316057894
316060498
316061601
316089429
316121923
316122673
316123245
316128223
316489488
316489522
309385643
309392061
324546485
327426902
319044435
322453162
318716369
319044469
319044522
319044470
319044537
319044576
319044587
319044478
325107488
325137866
315858957
317348223
319036643
319044499
293596268
320448801
322211313
320449423
320448961
320462802
319045415
320449190
319045363
319045350
312649576
312658362
313363125
313610815
313610890
319044619
319045253
321856843
324546503
324547126
321856842
321856844
319044632
319045310
321390680
319045490
319045466
319045891
319045925
319085571
319088771
323415769
327842164
319046492
315875509
320127349
318722294
322230987
319046404
319046438
318722597
319046575
319046564
320465143
319046445
320469184
322180269
300460509
319046582
324591368
303005303
319046521
319046523
299765244
322120620
322159657
312681095
326420579
324584178
322119023
313556929
313089309
321401666
322145339
318083827
312461149
325223906
313100338
323875834
322647161
316694294
308487187
312580611
321598934
318726169
319048504
318727355
318727437
318727514
318727553
318733245
319087447
319087660
324416715
324417179
319048444
318457492
318726062
324547116
324547082
324547121
318726178
316592568
316595237
316596628
324547047
318727179
316666981
316670811
316671826
316804790
316816272
316820777
316879773
324547046
316886913
316889115
316889895
318022571
318023133
312464426
310381643
310394782
310151502
310152254
310364726
310365094
310371083
310371981
310373207
310374187
310374497
310374759
310381195
310384009
310384149
310384152
310387024
310387234
310387737
310389400
318726171
319048540
318726521
318985274
318992486
320177544
319044274
312462443
319188340
321571661
324589319
318728415
318728338
316141651
316147696
316874659
305858650
319067526
318728686
316501814
316504178
324416092
318731917
327841418
319157124
327449420
302994476
318730187
316804629
318731836
312403571
323835087
312403501
312403528
312404381
312403537
312403536
312403583
312403579
312405518
312401928
322162070
322162363
322161508
322161751
323835085
322161912
312402704
326815818
312402852
312406565
322162288
312406578
312406911
327227054
322162551
322163561
322163241
322162053
322162018
312405652
318708887
318709133
318710021
312406535
312406556
312407739
318710330
312409789
312406939
319157458
324538601
313274953
318307627
322164099
319157463
319411603
322165756
324537539
324537829
319157447
318764179
318764217
318764920
319157818
322160262
324547270
322162814
324544833
324584311
322162261
319157621
324539917
319157749
319159788
324540468
324540366
324540369
319159737
319163607
319164479
319163470
319165057
317811984
322665366
319157706
318770250
319065525
322436996
322181016
322181118
322181411
322180142
319159672
314205654
310590906
319157928
319159556
320354930
308583785
322181056
322593069
323836898
319065551
322181707
322181708
319175549
321546436
322182653
305723133
322182817
322182823
322182837
322182824
322182830
322182835
322183159
322183160
322182944
327349710
320375210
322188433
320375375
327863308
322186461
304560002
322187231
322187666
322189259
322188411
323860702
322184954
319040668
314800948
320378231
322188879
319065685
319088485
319040884
322188425
320382507
320384718
322187433
323837433
325214155
325214913
322189923
318936176
319006188
324546419
319007410
324546441
319008082
319008281
322666038
319008339
322666692
320394187
319010101
319010108
320394989
320400409
319010628
319011965
319012325
319728726
319012343
319012346
319012489
319012817
321850174
322666285
319015351
319015378
319017799
319017858
319018080
319018127
319018162
319018610
319018667
319018668
319018701
319000941
316498334
319041085
319044370
319044413
319044464
319044471
319044491
319044531
319044604
319044630
320395438
320319581
319041771
319031870
319033236
319034432
319045405
319159318
319035168
319035229
319035559
319035584
312892700
319035827
319036786
319066026
319037011
316643305
319041137
322666242
324547041
324544653
323862555
319039278
319041153
318774013
319039864
319040990
319041157
319066183
319041798
319041799
324545860
319042812
319042817
319046036
318954931
318954999
322666556
319066452
319044318
306350852
324576092
319042178
322190179
327402443
300350946
321851682
319042810
319042871
319042836
319042841
324589310
321850852
322193421
322193150
320406602
322193686
318977181
319042237
327425817
327349711
321853022
319042329
322194673
322667095
320420785
319042826
319042877
322195004
319043021
316504943
324589098
319042419
327350201
323865420
319042787
319042816
319042874
322194598
322431157
322194674
319042413
323864053
322196925
320422466
320422767
320425420
321853616
321853642
319042872
323865625
324589186
324590317
319043873
320426756
320426408
320426264
319043343
320430452
319043285
320426730
322665626
324546424
324547038
319043659
319043635
319043498
320435280
319043559
319043512
299748481
319043607
319043852
319043819
319043625
319043639
323868349
320182994
319043648
319043828
319043796
319043803
319044041
323417083
300469504
320428220
319043843
312597550
320430297
322205831
322207395
322207396
322206810
322207053
322206712
319043846
322206251
321854287
321856841
319044280
318709878
312012595
318076482
319044296
323463481
325084978
325090242
318708582
318708600
318708563
318710591
318708586
318708599
318708708
318708812
318708761
318708821
318708747
318708780
318708776
318708822
318708916
318708788
318709440
300306108
305970073
318425107
322210059
321844095
318716204
318709920
319044309
319044302
319044305
322210279
324565931
305273198
322210396
319044509
319044383
312826942
319046135
319046230
319409233
319409252
319046204
326643526
319046132
319071530
324591789
319046201
318727531
319046174
319046242
319046215
319046235
319045467
319045474
300830554
319046348
318721431
319046481
319046395
320460470
320465277
321865853
321865863
319046380
319046317
319046367
321800096
325170864
318730567
320470210
318725328
318726048
319048389
319048392
320205279
327597356
318726084
319048372
318726090
318736571
319761404
320183086
322438101
328003452
312405952
312570879
318726866
312462604
318727157
316874912
302384618
322432880
318727197
322406404
318729760
318960380
316804743
318731823
316805060
318730008
318730154
318730149
302384643
318729777
316825320
318729979
318729762
318729978
318730420
318730192
324547111
299492213
299493034
299498371
299511836
299511840
299511846
299511853
299512006
299512008
299512026
299512038
299512041
299512260
299512366
299512367
299512528
299512646
299512648
299512657
299534008
299534063
299538555
299538886
299539018
299539119
299539199
299539244
299539520
299540639
299550898
299550899
299550901
299684895
299684896
299684939
299684940
299684942
299684943
299684944
299684948
299684945
299684959
299684960
299684961
299684979
299685099
299685117
299687539
299685118
299685119
299685123
299685141
299685142
299685143
299685214
299685223
299685286
299685287
299685297
299685298
299685353
299685372
299686168
299686172
299686323
299686812
299687015
299687340
299687338
299687567
299687616
299687618
318731877
322206140
310607773
300978696
320204511
320204660
320204742
320205240
320205248
320205280
320205286
320205295
320261602
318764176
318764184
318768845
318772606
320205300
319035346
322207831
319066448
318764133
318764134
318764148
318764233
318767981
318768286
318768437
322658194
312566289
312566163
312566291
312567201
312567205
312567214
312567254
312567268
312567763
312567357
312567181
312567182
312567766
312570089
313840083
318732003
305683505
305845642
305845692
305845696
305845748
305846036
305846450
305846510
305846511
312902856
312902891
327543939
327543942
327562252
324575340
324575360
324575514
324575865
327593772
327594207
327597415
327597422
314543412
314543414
314543415
314543457
314646849
314646851
314959864
314959865
314959872
315504250
315504257
315504262
315504270
316035171
316035172
316035173
317892315
317892322
317892339
317892354
317892358
317892359
317892363
317892436
317892461
317893066
317893084
317893085
317893086
317893087
317893090
317893091
318548048
318772590
318772591
318772593
318772594
318772621
318772623
318772624
318772625
318772628
318772639
318772640
318734998
318735923
318735484
318732016
318733371
312580072
312580840
321380502
322243105
319006105
299687694
319042209
315455477
318736583
319038595
318736774
318737185
324552627
322128751
322128752
322121609
319006916
319006196
322204761
322204915
322205134
322121573
312669891
319006920
322121626
318729886
322121294
322121295
327286345
322132572
322126330
322128023
322124999
322127970
312402546
322125636
322131269
322134167
313453784
322133204
322127309
300818106
322145891
322146966
323868974
322146532
312410227
322146587
316872960
319008081
324592171
319046603
322147438
322146889
319008085
314647898
322146969
312495939
305546754
305547316
305549446
305645247
305645292
305645316
305645372
305645438
305645498
305645535
305660490
305660674
305661546
305661724
305662136
305662177
305734673
305736143
305736231
305736262
305835983
305929447
305929460
300856778
300856809
300856878
300856884
300856968
305469496
305645176
305734247
305965560
305965636
305965798
306361553
310011689
310012670
312573581
312573794
312573816
312573851
312573994
312574033
312574209
312574831
312575745
312576252
312577325
312578401
312579780
312579901
312687301
312687357
312908151
312908231
312909692
313762554
313763629
314542817
314543157
314543174
314543219
314543322
314543326
317885411
325212363
325218177
325220672
327975368
327993233
324547061
327993509
322120625
319157384
324547115
323419223
324542338
322163951
312831784
313356169
322161484
321825616
324547218
313567939
322118652
318735726
322119951
324592195
299475341
318076799
322158472
323467255
322158927
313866207
322159712
304545881
319558141
318723335
323461008
322157563
322157986
320734317
320734572
313453862
319557885
322445359
319009714
319009799
326468167
320202413
322161561
308317591
311968528
303525091
312895520
322123363
321823948
312896130
312899132
318709687
318708826
318708760
312658042
322123888
312907067
322133763
322159861
322160883
322162180
316116588
322147065
322120722
312503854
319067811
319009928
312504083
312504085
313872468
324592359
324592764
319068818
319009952
319009967
319069511
319069504
319069895
319069550
319070342
319070364
319070834
319070313
319070327
319070363
319070875
319070330
322386629
322387048
319011208
322386535
322386538
323826753
319048440
324593401
324593436
324593393
319012079
322388133
313738980
316103792
319012084
322118671
319012374
319012815
325214019
300487801
319085395
322596227
319014077
322389165
319010095
318764924
318764937
321827739
322430992
319015372
319015504
327863225
318764923
318764932
318765852
319034100
319043253
324817998
325214132
325214179
320434862
319785159
323462881
319418585
324421016
320685274
320684789
320685275
320684797
319018079
322423068
322145620
319018098
317528992
317370306
317370759
317528520
320687386
317532351
317371308
320686342
319067479
317530321
320688234
320435888
317530666
322427684
320688651
317535821
292984109
317533884
320687596
317536068
299687622
299687624
299687693
299687705
299688837
299690071
299692558
299737569
299737885
299737886
299737889
299737894
299759774
299748600
299749153
299749530
323463736
300305810
319296991
319297010
319297052
319297151
319297245
319297915
300472835
300473420
300478539
300478886
300478946
300479032
300479034
300484973
300485095
300485098
300485247
300485363
300485538
300485539
300488386
300519293
300526708
300526723
300638343
300638641
300638649
300638650
300638652
300638654
300638655
300638705
300638706
300639151
300639293
300639423
300639459
300640062
300640284
300640319
300640354
300640355
300640357
300640358
300640363
300640364
300640415
300645341
300645477
300645483
300655290
300655491
300856790
300856791
300856808
300856812
300856813
300856814
300856818
300856821
300856822
300856876
300857032
300857112
300857113
300857115
300857200
300857201
300857202
300857203
300857245
300857246
300857247
300857248
300857249
300857252
300857253
300857257
300857258
300857259
300857306
300857479
300857480
300857481
300870797
300870800
327827964
327828202
321405004
327828407
327828629
327833727
327834555
327835366
327836340
327836647
327836892
327837365
327837468
321404724
327828802
327831123
327837051
327837124
327839729
324420395
327834705
327835134
321551811
318732367
318732918
318732715
320120338
320120566
320120671
320121547
320121845
320138989
320138990
320138992
320138993
320139024
320139070
320139074
320139089
320178378
320178455
320178495
320178625
320188187
320183024
320183362
320184859
320185465
320185510
320185520
320188776
320189405
320189582
320189873
320191897
320192152
320192727
320192967
320194163
321664864
321664865
321664866
321664867
321664868
321665756
304938363
304940204
304940467
304940661
304930242
304931114
304945286
304945376
304947037
304947193
304992459
304992464
304992477
321799896
312488090
305245741
305246475
305246494
305246930
305247261
305504905
300835937
312488622
318735535
318735214
318735902
318736535
324590554
318731255
318735936
318736101
318735989
318736439
312489531
316084763
312493590
322669963
315447540
300836381
300836499
300836631
300836655
321837023
323467393
323467401
323937653
319006184
327638855
322132230
300805670
300805988
319007413
319007696
319007448
299764909
322144734
322141552
322144708
319044529
322137077
327866279
322138980
322116772
322145021
324414208
324421672
317628084
322143161
318737601
318737603
318737602
319007937
319007953
319007955
322143564
312496204
322180700
312496258
312496344
320687805
322663442
300460722
300461091
300794547
308307028
308445775
308453750
312875127
313089716
314053032
314173906
314174197
315308610
315787438
316578934
316592560
316594332
318764371
318788784
319033682
319087085
318960378
320737763
300297692
302957095
303036799
318727229
303983882
304121302
307235174
318304201
308318393
308318886
300493804
300856362
300818128
300855717
300855729
300856281
305285086
305496121
305526521
305526663
305527354
305546122
316505110
319008382
322149377
322152129
322149482
319009313
319070864
316629169
322146678
324542549
313563036
318708596
324547057
319009716
312658427
320231028
319069298
90526258
321400095
323876128
319066466
319066490
327246095
327259620
318708743
324540943
322120634
313567838
322120164
321825630
52340243
319033649
319066553
319066539
313842381
319046563
319046616
319068725
319009923
324593339
318810676
319068854
324416390
305679410
319009942
319069123
319009954
319010051
319070991
316104012
312511528
312511529
312511530
312511570
325214013
319071907
321594402
319072056
324547215
324426076
322389710
322183223
322389220
319012350
322388086
322388531
313752765
319012695
319044048
319012870
322143504
324547365
324547715
324547627
316426797
315786671
316103365
314041933
314060619
315885117
315885974
307148611
316426863
316062372
316089374
315771605
316103869
316101017
316384511
305527564
315802621
307159842
316384834
314040924
315786731
316063126
314053582
314059586
314040877
316384775
314041285
316384718
314059497
316426861
316427247
316384514
316384742
316384798
315786858
315887903
316056784
304913423
304915650
316056758
316089903
316384764
316063271
316385579
314032298
304913472
314059940
316075315
316059580
304925605
314059637
314059223
307704948
304913062
316101835
307705270
314059618
304917793
304922542
316384766
316056740
316385833
316097303
314053600
314059964
307417406
304921241
304923621
322183208
322386116
319012861
319015743
319015742
319015377
319015379
318767469
319015702
319015715
319016865
313453460
313727977
319015713
320698044
322405908
322406277
322406070
312570561
321394786
319754760
322406499
319016869
319016747
322406535
319016870
322415081
322415038
322418366
322415955
322418792
322415403
322415876
322417324
324547217
299274435
309379061
319087551
319017802
324547289
324608445
322415954
322419522
319009939
324418899
322416310
322417773
322416360
322669328
327601031
322428352
323467262
323467243
323467236
322428277
322430658
318772601
319018174
319018179
322427790
327636028
318727593
308313546
317622783
314206791
322428860
300820324
322429736
318773971
318773959
318774004
319018210
320692249
322431039
322429572
320692146
323865624
320688222
320688483
322428645
320688486
320696477
319018523
322438538
322438876
322436765
322436809
322437011
320700847
322438090
320701512
319087700
316371310
316500107
319063836
319064015
319087763
322441108
320705771
322439788
322439553
313453408
327677481
318770556
320717630
320717374
320719171
319410717
318992622
324547241
299692638
319019019
327625613
323825527
312501424
320726713
325214178
325214206
325214183
325214188
325214205
325214828
325215127
325214870
317536155
320724984
315001651
315001660
323466613
323467170
323467172
323467232
320731222
320730682
320731460
320731251
320731482
319777010
320731489
320731488
317535898
317536437
317536390
317535764
317536333
320732284
317536697
320731864
321560510
319777050
326813072
321560508
321560503
320731935
320738260
320737025
320738555
320738537
320739314
320739229
320738902
320736854
320738172
320740509
320739076
320738957
320739217
320739524
320740311
320739203
320739647
320739757
319085155
300818519
319186445
320748953
319085174
319066385
327594178
319085424
319085429
319085482
303556061
320749239
317527152
319085308
323828039
319085299
319085349
319046169
318730186
319086096
325216863
303033734
312495936
323462949
319086496
300771898
315281271
313764180
319087505
318731889
319087762
319087822
319087795
319087780
305723262
319087577
319087669
319087642
319087623
323467385
319087683
319087711
318795422
319087693
319087824
319088071
322443546
322443695
319187719
319088998
322206095
319089056
319089017
319089144
319089084
321824446
326529928
322450524
322450743
319089284
319089279
319089333
318731936
319065535
319065675
319066357
319085499
319089328
319089332
324547244
319089479
318799085
318799265
319089217
319089628
312887051
319089421
319089550
322457310
322458817
322457431
322456394
318716378
322456531
322458716
322457673
322460574
322461194
327863945
322461177
322461183
322461210
322461191
322461237
322461403
322461571
321397351
327425591
309380722
325221569
325214017
320883620
306046051
306041692
320885501
320885753
320885695
322591253
322591258
322591308
322591279
322591305
322591337
322592109
312510425
322591428
322591466
322592035
322592496
318727260
322593184
322593243
322593251
322593256
322593870
322593561
322593560
322595660
322596232
323417300
324350735
322624269
324349427
324348501
324348737
324349702
324351018
324350850
322617266
324353598
324356209
321097347
323816950
324371648
324372423
319760686
324371649
324375697
324373054
324373387
324392723
324390275
319033673
324391330
321853784
319033642
321134431
321134927
324547287
320885676
297626178
319033653
322657511
322658032
318811468
322658039
322658036
322658037
322658042
324394680
322658038
319034117
319034087
322658225
322658252
322658562
322658909
312871136
319034109
324394636
324395074
322664818
322664129
324408322
322662890
310390970
310393406
310394653
310394737
310394746
310395044
310395147
326375711
299539547
306326641
312569760
299496433
302312804
307012751
318727665
318727320
299541169
318726182
302335578
302346429
319755249
318727528
318727561
318727558
318727563
318727532
318727879
312383967
318727542
318727878
318727576
318727556
312620581
318728458
312500227
309551005
316505120
307728367
300485155
318728158
318728011
316804771
318730369
318730195
318730370
318730384
318729951
318730174
318042958
318730414
319069936
318730434
318730426
324589721
318730720
318038897
323883441
323883456
318730958
318730684
312483749
318731068
318731222
318732099
318731907
318731993
323883518
319007966
313357571
318736047
318736346
318994118
318994372
318993316
318994482
318994858
318994143
318994185
318994709
318994710
318994857
318995167
319006195
319006391
322118326
322117955
322118631
322118385
318736993
317180798
323187899
324412452
320740220
320747997
322120518
322120636
322120522
322121196
326941697
322121311
318809952
322145259
324591518
319006182
324547295
313027332
322120622
313567963
322122911
322121165
327544081
327544200
324606655
324607391
322152450
322435523
324592285
319048572
319009496
324427989
327839742
324592190
324592198
322191176
324354950
318810030
323937777
321826749
320221854
320206476
313567466
312500627
312500656
312500900
322119142
322163025
319066729
312500509
324544114
317366700
322163647
319558102
300969163
302336177
319007954
319779479
324592333
324592455
319067851
319009894
312379805
312683137
322161639
316116579
324558178
327428724
324592451
314206786
320731918
319070243
319070052
327616236
312406485
312507758
318797263
320377472
327450834
312509809
319011203
324547119
322184671
319044068
318727533
322403339
317811560
319013149
315001658
315006650
319015352
322397818
322403561
322183051
322389072
323801999
322394085
302353048
313735195
319013272
319014084
319017248
312373299
315786969
318764929
319336332
322406554
322406571
324413449
315505294
324354747
320436043
321598148
322420552
322419694
322419871
322420720
318444739
319018024
322422401
319018031
322420126
319018091
322420797
322422484
322420721
321692041
320203838
320204159
320204161
322433880
322433814
325214123
322433851
322433852
322433864
322433874
322432893
322433866
322433873
322433887
322434230
320699194
321691938
322433885
322434521
322434164
319018182
322433888
322433889
322434008
322434346
322434722
303556782
319018662
321692045
322434619
322434326
322434552
320697590
322434524
322436483
322434871
322435524
322434228
314778223
320715109
320715371
319563501
319018699
318735856
318786582
319046600
320717658
320720238
319009792
319536369
320727866
320727725
320728506
320727340
320727829
320728228
320728280
319045312
320728369
320728393
320728390
320728404
320728426
320728482
320728509
322118632
320727733
320727734
320727728
320727731
320727735
319748348
320729126
320729008
322443687
320731237
320736067
320736549
320734360
320735207
320734946
320734999
320734948
320737431
313879371
320736968
320737020
326642064
320737130
320737023
320736847
319010019
320744465
319408891
321589635
320745278
320396950
319085100
319085105
319085071
319010024
320730779
320204199
320729633
319085166
300770420
319085816
319010044
319010048
151461609
319086111
319086161
319085872
319085869
319085876
319085904
319085891
319086245
319086239
323542841
305723256
326499599
319087318
319087348
319087155
319087182
319087239
319087394
319087521
319087389
319087541
322447167
322447678
319088586
322447444
319088584
322447223
322445340
322448318
322445254
319088650
322446706
319088658
319088449
322448769
319088727
319088785
319088793
319088801
309516335
319088907
319070848
322447360
319088918
322447554
319089016
319089160
319089162
322448746
319089023
322453006
322455638
322455740
322452994
322454159
314989861
322455693
322456700
315307349
322459625
322459621
322459391
322460141
322460185
322460235
322183154
322459403
322461399
322459724
322460184
324547207
320385226
320394979
320395720
324417355
325213518
322460903
321578864
322119952
320883619
322575963
322576084
322577096
322577476
322576380
322576725
299291959
319065508
319069935
322579743
322579964
322583059
322586506
322585576
322586365
322586515
323464610
322587148
322591339
322591233
324336611
322604393
324337937
322603957
324341785
323467257
307726897
318996628
324341789
324341799
322608557
322611371
324365358
324365170
324365056
322629602
322181725
312410219
322634786
324365646
322631087
322700480
322204515
322452990
317537387
319033219
324386799
319033355
320375203
324390274
324387976
324387446
322650231
324335218
324386656
324386853
324392029
322650230
322657674
319033976
322658031
319034085
322658033
322658219
321852352
319034063
319034054
322658781
303038975
322658974
322659565
319009940
322658192
322658342
324395446
324395579
324395888
322659574
319034537
319159471
322658651
322658806
322660617
324397603
324398687
324398690
322659601
322659620
322659613
322659812
322659618
322659802
322660790
322660957
324398686
322661269
324398692
324398696
324399566
324398897
322660432
322660446
324399146
321134920
322661095
328008660
322665711
307165284
322663136
322665609
322665701
322665968
322665714
322665882
322666245
322666212
322666239
322666251
322666228
322666240
322666258
322666289
322666252
322666288
322666665
322665317
328049905
322667175
322665644
322665858
322669779
322669783
322666792
322666806
312495949
322667028
322667085
322663972
319186793
324546440
324547216
324547676
322147588
323467400
322682641
319086215
321799523
319010638
313428889
313350018
327845337
322682778
322682789
322688375
322685835
322683426
313752781
312570197
321208965
321209203
321209204
317838279
318729977
314063578
319157145
319157428
319157429
319157431
319157457
319157397
324590627
319157233
319157402
319157240
319157255
319157225
319157232
319157315
319158707
313885111
319159272
319159158
321271867
323435786
319159351
319159359
298402437
319159464
319159477
319159530
319159545
321270801
319159581
319159589
322164223
319159605
319159618
316834100
319159624
319159696
319159749
321270486
319159699
319159701
312400994
319170700
321305017
319170522
321298168
321298167
321299857
319177000
316590104
319750811
321302298
321306002
319186648
319186456
319186452
319186455
319186474
319186524
321346051
319186882
303954403
312400979
312402757
312402834
315281535
317840607
317893071
320885734
324355436
319186711
321786627
319187015
319186731
319187166
319187064
312405694
319187079
319187104
324586102
307172092
321827744
318802000
318802013
318802339
325214029
318802348
318803194
318811729
318809876
318809888
318809966
318810274
318810341
318810426
318810439
318717006
321373413
321373849
321373823
318811851
305880358
321375742
313739505
324594201
319158188
320692290
320708198
322442748
320710166
320709868
320706734
320706727
320708199
320707159
320707016
320709332
320709950
320710634
321692040
320708506
320709331
320710511
323467353
320713175
318709633
320719167
320717999
320718533
320720396
319069908
319046066
320717586
320719288
319018088
325214167
321392996
320718978
319018089
320727348
320727085
320727096
320727158
320727351
316880629
320727718
320727593
320727324
320727720
320727325
320733233
317571111
317537605
317537684
317536732
312406564
319186740
320732186
320732300
317571403
317536723
317537494
320732339
317571283
317570124
320732387
320732389
317572913
326531355
320733096
320733789
320733620
307164562
318726166
320741822
320742881
319754754
320401521
320743562
320743445
320740510
320740448
320740597
320740004
319542276
320740834
320743793
324421434
319748467
319762598
320403669
319198428
321544789
321544787
319748355
320375351
319402260
319759434
319756085
320743952
319765265
319084740
324395576
315030202
321098822
321104888
320743480
320743867
319085110
323463568
319085457
319085538
319085505
319085313
325216151
325215540
325216577
324420184
325218851
319085406
319085746
320749633
319085572
320749597
319085802
300488258
319086753
304146694
319086689
327582496
319086772
312826941
316685592
316685118
300350110
318786876
322443701
322444955
318794914
319087918
319087938
319087999
322410995
322411222
322429340
322429550
322430551
322431060
322432289
322433014
322433206
322433719
322433723
322433870
322433884
322434115
322434338
322434449
322434523
322437020
318796372
319088243
322443870
322445453
322446012
319088316
324411013
322445338
322445949
322445899
319088490
322167223
319066541
321852134
319086926
319086992
307237763
312400973
312401163
312401253
312401743
312402545
313352791
314959874
314960411
317893067
318724172
318727377
320885698
321782408
322167270
324341786
322451565
299294331
322452997
319089640
322451811
318725047
325220080
320396736
323835639
322461301
322461370
322445900
322445362
322445616
322445888
322456830
324404549
299545116
323801974
322466399
319085024
319065777
319068681
300979254
300979329
321393567
320730338
316904777
327186852
321813809
307663975
324547243
324547242
324547225
327597530
321303245
317840454
322183364
94461070
323825274
320686212
322144481
322143894
319156872
322180221
318717995
318716376
318716429
318724248
318724310
318721428
318721097
320440339
322578429
318721020
318720282
322579469
322579581
318724274
318716796
318719682
318721736
318717339
318719053
318720685
318721183
318718664
318721647
318723850
318724416
318724411
318720810
318724302
318720501
327543452
322593071
322593154
322593478
322593226
322593229
322596262
322596534
322604000
322596322
322596831
322596598
322596821
322604322
321585198
319018163
321006608
324353693
324354362
324355653
321097530
322617942
322625139
322625145
322624527
322625253
322625189
322624702
322625264
322625288
324365482
324368541
324364643
324364652
324364553
324364646
324364923
324364946
324364525
324365225
324364896
324364947
324364680
156457984
324365275
322630549
324365171
324365479
324365283
324365172
322640615
322640779
322641575
322640793
324375282
322641411
321097348
324385154
319033230
319033239
322644463
317537388
322659962
317806440
324399655
322660384
312561437
319086157
324400190
318809970
318810430
321381300
324406152
322661243
324408934
319043941
324404871
324404867
324405678
324405666
324405668
324405582
319088527
324405411
322662510
324405661
322662809
324405512
322662824
322662650
322662655
324405673
322662834
322662892
324405807
324406061
322663274
324404723
320743199
322663196
322665412
322663361
322663351
322663350
322663906
322663464
322663734
322663980
322662279
324406917
324410715
318724033
322665710
322664048
319186258
322664466
322664426
319087600
322669964
322669961
322672727
322682025
322673743
316470883
320204197
320405019
327544003
322681290
320691043
321205132
317370802
322707598
322708096
312567271
321208356
324394688
321208769
321262182
322721796
324547280
321228409
322720994
322726820
317838223
312570451
319156643
321833126
319157984
319158076
319157942
319158069
319157945
326814820
319157962
319157973
319157981
319157989
319157998
320720359
298358702
319158258
298360325
319158308
298361230
298361319
298361451
298362144
298362176
298362178
319158314
319158378
298362313
319158404
319158425
298362394
298362429
298362554
298362557
319158385
319158395
319158443
322689375
319158500
319159004
319159103
298393335
319158604
319158620
319158668
319163426
319166836
319169674
319168759
319163449
319173262
319173234
319163468
319164798
319164397
319166359
322668843
319163436
316593267
321304259
319166835
313889487
321295691
319169336
321295904
319182854
319186163
321322812
319186154
313742147
321334278
312658030
319787115
323887634
320166331
319186514
319186672
319186527
319186547
319186545
319186225
319186300
319186243
319186382
319186428
319186359
319186621
327851792
327851793
327863213
321364250
321364747
322457562
321363299
321372375
318805171
319535722
299692588
321372724
319535557
319535524
95194351
321373751
319086263
322659603
312573796
315009023
321301034
312410131
321381743
312575857
321381932
306042239
299738209
323825298
299272321
299272521
299273946
299274578
299274611
299274671
299275285
299275369
323111196
299506074
299490111
322448736
299500814
299500822
299500823
300969585
320744893
324592150
322185213
322184641
320451010
319066509
322186586
319043930
319748367
299516427
299516615
299517063
299517107
299519116
325213777
319048470
322667350
319085624
321854453
319007936
321367459
328063925
322667174
324594388
324414631
323343112
323343243
318987549
319007924
319156913
323355711
319197979
323360609
323365320
323374350
323366039
299756830
299756912
299757783
324547085
299760889
299761337
299762509
299762630
299764256
323459466
299764626
299764627
299764898
299764957
299765039
323459512
299765132
299765422
323458836
299737564
299737567
323458414
323458430
299737883
299737888
299737895
299737898
299737904
299737917
299738172
312403292
299738202
299738203
299738256
299516434
299740011
299741426
299742130
299742726
299742723
299742793
299742897
299742898
299743059
299745034
299747292
299747948
299748019
299748193
299748438
299748457
299748467
299748462
299748767
299748825
299748831
299749012
299749083
299749090
299749189
299749521
299749518
299749527
299749659
299749683
299751158
323459215
323459339
321382648
323459376
323463735
323463426
323462056
323459821
323459825
323459832
323459880
323459881
323460559
323460874
323460546
323460551
324429506
323460633
323460540
323460632
323461233
325224221
323461025
299692996
323462073
323462863
299768112
299768807
323461847
323461992
323463415
323464270
323464606
323465259
322146533
312640032
300828984
312890535
312892174
327634975
300477490
321223941
314813034
300478830
300306087
322593504
321372965
312510427
318736697
305533933
312456629
312456690
319159293
318725775
318736585
312858049
326815848
323837374
315451631
321691539
313516934
312456628
317831603
300794716
97376507
328148418
319044449
319295645
319297095
319297367
319043931
319299427
319303204
321384331
319391101
299687691
98032664
319391009
321389048
312887156
319403274
300738324
302310983
327863711
324600968
319392940
98094114
321391067
300460624
300476726
300477112
300477717
300478538
300478589
300478606
300478644
300460775
300460780
300460986
300460989
323675585
300461696
300462297
300462311
300462332
300462636
319406181
319405762
324547321
321393833
313605426
300818356
300818466
321395412
321395477
321395457
321395479
299536544
299742981
300793180
300835956
319044040
320136269
323457465
327840830
323799569
319159809
323799570
319088399
321396084
321396561
321396587
312663251
300674329
323813831
306797079
314196174
314636150
300655210
300655475
300655490
300655503
300655582
300655588
323822904
323821533
323821867
321854282
324414703
326883714
319534101
321399891
319534405
300750827
326721783
319534418
313879042
319534550
319535489
300755205
319535550
300766586
300767806
300768146
300768591
313026900
300769839
319540794
319543670
319543839
319544128
319543693
319543893
319543698
319543699
319543975
319543701
319544563
319543708
319543778
319543776
324414793
319544163
319544205
319544595
300787860
300787938
300788460
300772510
300772533
300772904
300773494
319542459
319542255
319542456
319564754
312668221
312668237
300818088
300818124
300818130
300818135
300818152
300818241
300818246
300818314
300818316
300818329
300818339
300818343
300818355
300818357
300818479
300818882
300819870
310565468
322666693
322666718
327865687
322668400
322668394
322668095
324589179
322667741
322668128
322668553
322668659
322668097
322668433
320203657
322668432
324412298
324412753
322668490
322668456
322668772
322668758
322668672
322669437
322668683
322668708
322669326
322669708
322668714
322668845
322669393
322669958
316384730
322695857
315842182
322698838
322147589
322697574
322699333
322703036
322707560
322700485
322700066
322603092
327865084
312571298
319156660
319157373
298296330
319157348
319157349
319157344
319157409
319157470
319157471
319157491
319157495
319157576
319157641
319157702
319157642
319157670
319158011
319158035
319158042
319158081
319158047
319158108
319158080
319158106
319158098
319158150
322783776
321836800
319157821
319157775
319157814
319157829
319157894
319158168
319158183
319157895
319157909
319157878
313579086
322121605
322144475
319159496
322438104
319162487
319159959
319161212
319163407
319163431
319173258
319173277
319176260
321313579
319181599
315449414
319187203
321357381
319187332
319187380
298733990
319187423
321358397
321359304
298735145
319187307
319187197
298738099
298738432
321359757
321360418
318727877
319087181
319187701
326623394
300830020
321372070
321376021
321376787
322157293
324594380
318811826
318811581
321378999
321380313
318812050
321380281
299523677
327429114
321382424
324547288
322121286
316897073
300315709
299545567
299296539
312581249
312581081
299289826
299290922
299291644
299291736
299291749
299291923
299291992
299292172
323463596
299294354
299294401
299294529
299294809
299294823
299294924
299295060
321802532
312581496
312580006
321835168
327577831
319379538
316690893
316690920
312399109
299403802
314648016
314053598
299461352
299463303
299463713
299465390
299466025
328014145
299466559
319018057
323199808
324426549
299485520
299477586
299477811
299477936
299477937
299477966
299478592
299481603
319757978
299482218
318955200
319010086
323289659
323325818
323294240
323341810
323339717
312509865
321785329
323309233
323381152
323339698
322664032
312600247
323315254
323316931
300471238
323418385
323418514
323418656
323418400
323418760
323418403
323418459
323418706
323418513
323418583
323801885
323418829
323418884
323419161
323419250
323419243
323419271
323419245
323420017
323417061
299689184
323418153
323417251
299691513
299693258
299693274
299693276
299693279
299693347
323418379
299693643
299694181
323418018
323418067
323418068
323418456
323418107
323418123
323418817
323418178
323418151
323418204
299699923
323442450
319088585
320191661
323864298
299482228
300344598
299728545
299729536
299729973
299730092
299754693
323458789
299755404
299755669
299755724
299756170
299756289
299756299
323464609
323467460
323467392
323467337
323467390
323467344
323467349
323467351
323467399
323467402
323467476
323467459
323467475
323467480
323467463
323467470
323467477
323467478
319213506
323467589
323467494
323467569
323467560
323467500
323467530
321380850
323467561
323467548
323467578
323467651
323467671
323467631
323467632
323467639
323467640
323467658
323467655
323467642
323467666
319186523
322418252
315007697
322461176
324414549
300475916
319089855
326637607
320334119
320344930
312401003
322629809
326681646
324414775
320129544
320719570
322659569
321382649
322658777
323461075
324400163
319018209
303064870
319748369
313033144
313094508
319018211
314053699
316593331
319088138
319755371
313749974
300330623
300335281
300347310
300347378
300348774
321285167
300349332
300349859
300349915
300350106
300351185
97875942
97876263
321386580
300353961
300354270
300355269
300355306
323837373
321386434
321331958
300359382
300359471
300359538
300359539
300359755
300359756
300359757
321372964
321386749
321386835
300362928
321386246
321385403
300343246
300343320
300343522
300343896
300344017
300345025
316594759
300345843
97939383
325236928
299756902
321386741
299513254
300463163
300463358
300467281
300467867
300468314
300468506
321393049
300468975
300469099
300469368
300469763
300469872
319402299
319402419
319403099
300471503
300471727
319403254
300493427
300493459
300493461
300493783
300493883
300494046
300494135
300494595
300494663
300494752
300495419
300485094
300485115
300485118
300485120
300485121
300485160
300485242
300485252
300485344
300485357
300485535
300485536
300485643
300485771
300485836
300486336
300488046
300488053
300488128
300488307
300488312
300488317
300488319
300517054
300518144
321785451
300518725
300519589
300520669
300520739
300520746
300520958
300521573
300522044
300522666
321396842
320434632
326673520
323802067
312658098
312658188
312658043
319419505
319419354
320383763
319513433
319414537
319414811
323801429
323366040
323459869
323460433
323460537
323467346
323467354
323467398
323467481
323539264
323321594
323377025
300638344
300639202
300639514
319071003
319533667
321597387
319534034
319534094
319534171
321399710
319533886
321399512
300737142
319156560
322461405
323467574
319533917
300731721
321400563
319536081
300757122
321399797
320204183
319089455
300802853
300803018
319558211
324417222
313444710
315308717
318304260
300765675
321596858
300978110
300978220
302323101
309164912
324415105
300344227
318960155
312668148
312668929
67466321
300829738
300830438
300830440
300830439
300830437
300830514
300830521
300830774
319568157
300835688
321381846
312573498
323418176
323418112
319186641
320378412
324547292
299489208
324546995
299358588
299358644
299358649
299358651
314059938
312584740
312591247
323163069
319159076
323172215
299527653
323461002
323266825
323298719
299529126
299529590
299531073
299531734
299531823
299531916
299532670
299532671
299532862
299533422
299533477
299533479
299533490
299533581
299533885
299533940
299534069
299534333
299534612
299534730
299534742
318961924
318961895
312455460
319069147
319041877
322675821
319069927
319748353
299535308
319068625
306967913
319087040
327851794
324547084
319088489
323467491
299692579
299522895
299522986
299523678
299524064
299524392
299525424
299549900
299550104
299536614
299537111
299537395
305963256
299538616
299538870
299538977
299539480
299539521
299539525
299539699
299539919
321386112
299541338
299541492
299542064
328064299
299542466
299543231
299544326
299544357
299544420
299545454
299545566
299545568
299545569
299545799
299546005
299546010
299546508
312599489
324547300
323284169
323397356
323399874
323371271
323372425
323383088
323374263
323374262
323375452
323402151
323376538
323378353
323379505
323397342
323377024
314614414
323402969
319198446
323415537
323415662
323415322
299681403
323415263
323415351
323415467
323415607
323415352
323415474
319085608
323416025
323415735
323415618
323415934
323416063
323416096
323415734
323415489
323415593
323415580
323415886
326617358
323415660
323415855
323415996
323415905
323416674
323416217
323416592
323416018
323404211
323403749
323405504
323407162
323407163
322669324
323413884
323410368
323416070
323416086
323416160
323416398
323413977
323413791
323413909
323414056
323414361
323414170
322667327
323416250
323416297
323416456
299687507
323416841
323416569
323416335
323418366
323418267
323418369
299701691
299701695
305970773
299702028
323418367
323465293
323467171
323465297
97148618
323463304
323463725
323463834
323463724
323463912
323464306
323463835
323463723
323463737
323463833
323464243
323463847
323463759
323466667
323467181
323467293
323467310
323467175
323466688
323466728
323467168
323467231
323465906
323465910
323466724
323465909
323467233
323466686
323465911
165466966
323466233
97192843
323466073
323467280
323467281
323467282
323467253
323467254
323466661
323467256
323467259
323467260
323467278
323467263
323467264
323467664
323467653
323467654
319157408
322135112
322183863
323467493
320208358
324414710
307007700
312401229
312456561
312456460
313355978
319088543
315319854
319408835
312456620
319748375
319750800
326694899
323543578
323543479
316129890
316129905
327544782
327545010
327545107
327545261
322190241
324547298
319040220
319037653
300474577
323467176
320729024
326649473
321385408
299761898
312288608
321384533
321384653
319042967
319303313
319303317
300298434
300300471
300300725
300300730
300300849
319041819
97641215
319298899
319043608
300313316
300314915
321386171
300303060
300304714
300305942
321385084
300307813
319337084
300340200
300340204
312648199
313750379
302380816
321387602
312649281
321134928
327426384
321387246
321387470
319373002
319374733
319374364
313354567
321388515
312655591
321389012
319187689
321391051
321391066
312650538
321387780
321388039
321388192
321388766
321388303
321388368
321389127
321389188
319389819
314560614
321389015
299687887
312581078
312580843
312581612
312581621
313374194
312862001
300510954
300511150
300511211
300511412
300511786
300511787
300511887
300511961
300511964
321389222
320688434
318730546
300523267
322194645
300523953
300523978
319007979
319186215
319733785
322194585
322685385
299545460
319733545
319733607
319734109
319729073
319730037
319730161
319732243
319735836
324412873
319007981
319732838
319173251
319173229
300524802
299734169
300526726
300526742
319066561
322121765
319408783
318309835
321397221
323802996
319419491
321397185
319498840
322667199
322667536
322667625
323399885
323437545
323802671
319033146
321397205
323803224
323803063
323805168
322669329
319423852
323806863
300640133
300640136
300640162
300640197
312658817
318450893
323805808
326686165
318799308
323815239
300694582
300686871
300687235
312658367
319085358
319068686
312658368
299294508
320174049
300726115
322593674
321399026
319542070
319542079
319542243
319542245
319543689
300777637
319543461
319544294
319544517
319544533
319544399
319544300
319545263
324414919
319545136
319544602
319544638
319544652
319544686
319544709
319545148
319544761
312666066
319545279
319545329
300793303
300793576
300794205
300794203
300794424
322667554
322667302
300794698
319545356
319085125
319544905
324414997
324547293
324415094
324415056
319544293
299528482
299533485
299535255
299537396
299692569
300768685
300915812
300926959
300969683
300969702
302951988
303034147
303034185
303956882
303958779
305718376
305718479
305939708
306837899
306844079
308447895
308452731
309145083
309162476
309164984
309379091
311908095
312372400
312581190
312839911
312847330
312849131
313278934
313366801
313366829
313367317
313424445
313444865
313446891
313447051
313575644
313758396
313760403
313760506
313768895
314053348
314053389
314061318
314062616
314062827
314174407
315001659
317175411
300835969
300836158
300836161
300836304
300836610
300836629
300856792
300856810
300856811
300856877
300856882
300856887
300856889
300856893
300856896
300856923
300856967
300856969
300857012
300857054
300857079
300857190
300857193
300857194
300857196
300857197
300857198
300857231
300857232
300857238
300857239
300857241
300857242
300857243
300857244
300857307
300857308
300857309
300476494
312676741
323467321
98032588
300870440
300870472
300870808
300870809
314784950
320400410
319536505
313884812
307022504
321399490
300878565
300878575
300878678
300878724
321397181
322449618
319067689
319594277
318987863
323467532
323467568
300927886
300927922
327604193
319158289
319043999
318730559
319089645
319413088
318799665
300966182
300968809
300969009
300969106
300969135
300969576
300969586
300969600
300969681
300969730
324417303
319745334
322163658
327840026
317834149
324419962
324419965
300655351
319065644
318709260
324421171
318994699
324420139
324421536
322658783
319065896
321785953
324421539
324547968
322603454
327841762
324425227
324425637
312700933
327847942
324421685
312894694
327841946
327841765
327543944
327841506
299500740
324421690
313543613
322413595
313695749
314199704
319741100
319741875
319743121
319748334
314201441
308487335
319784736
318708597
322120728
322120630
322120635
322120721
322122322
322120751
324547039
322446245
323415388
323467633
323416465
323416030
324547499
312680957
312658406
321803930
312824877
312906936
312895415
313567851
318708568
318724177
322118429
322120643
324547154
324547042
322447016
313558680
312658401
323467637
321823834
321825634
312893850
312895927
312906958
312907057
313029470
317376142
316881539
326738623
327844522
327845765
327845457
327845458
319186144
324551905
327845580
327845217
327845661
327846452
327846978
327847188
318731997
327846207
327846326
327846328
323465918
327845864
327845763
327846017
319765268
319768562
320188494
305878358
307304296
307304318
307408332
307449849
307450167
307450672
307480471
307482387
324578629
308284966
310571670
312004998
313440816
313568429
313579897
313579927
314646956
314647283
315856782
315818501
318797007
319186322
327849609
318796995
324374037
327849981
327851386
327849896
327849979
299493860
299755959
300521775
300768862
327850267
319713726
309392299
324425400
324425638
327851360
319757570
324426070
319757224
312668713
312669502
321554524
321551775
321555973
319729046
319729081
319729450
319729737
319729950
319730000
319731297
319733535
319733560
319734307
319735481
319744354
319744716
319745547
319747225
319747701
319747702
319747847
319748297
319754125
319754095
319756095
319757571
319754293
319758216
306795741
322429486
319757701
324426066
319760645
319760680
299693257
324426078
319764921
319761283
319762547
324426075
319758214
299539543
319787688
319788313
324547989
319792750
321561636
319789214
319785099
319785735
321564310
324426643
324426472
319791193
319793480
319796966
322452521
319788205
319788901
314641966
302310846
302311065
318724483
315623987
321585251
316896720
316901574
321585250
322460233
302341677
312478839
321585265
302352235
302352377
302353049
320707716
312906846
321587050
322690224
321587262
321587480
321587510
319045921
321587268
321587337
321587479
321588930
324548632
321591499
320720377
322646507
321591793
321591934
314056566
313692797
321592191
321595884
321595831
321595885
300487393
321596897
321596852
321597222
321597389
321596896
319045402
313753093
319048578
319048571
320136941
320129214
303032579
321560433
303020356
303021163
320139075
303048578
320138983
320136947
320139091
320139867
314053361
314174721
314174734
314814954
315273879
315274833
313421312
315428758
315581243
315755107
316049769
316055795
316056323
316100119
316100765
316101131
319558142
316489123
316627200
316627291
316627424
316627442
316637735
316671781
316686945
316872150
317165163
317168291
317573115
316627329
318727261
318769804
318770064
318770067
318770070
318770072
318808336
318808376
318808449
318960011
318962096
318969103
319044101
319044271
319086923
319087170
319087368
319156523
319557588
305314094
305527907
305939678
307296180
313592354
313760586
314174213
315308368
316627243
316627289
316627296
316627358
316627446
316637730
318770081
318773852
319394530
320511792
303962657
305709440
314746791
316040101
318408674
318451877
300805856
320397248
303033893
303045242
303523317
303528032
303939268
316671729
317187676
317572858
317573077
317573377
300805985
303939777
303969836
303981679
303983308
305466739
305707921
305723952
305876259
305876891
306042939
306830251
306843380
306844030
306935574
307296425
307408291
307632081
308321316
308322158
308322536
308322564
308322640
300806139
308447919
308458826
308561178
308670851
308676990
309981103
300806193
319557868
308800754
308802599
309144025
309386255
309400307
309981452
309981685
310375752
67115975
311907609
319557951
319558174
319561411
300806293
300806316
300806321
300806324
300806329
300806332
300806334
300806335
319558013
319557948
319085366
319085352
319559304
319558856
319559319
319558484
300300531
304160358
312570878
319044295
300922117
313447524
316055921
322659575
319559243
303888461
318774451
319558347
319548680
319558592
319558635
99348962
313104083
299500446
324415299
307485507
317175298
312671051
300960388
300961868
300961869
300963577
300963667
312679317
312679264
322118328
324416313
321402148
300977813
300979253
300979255
300979308
315446147
323418212
321854077
300982865
300983053
312678717
321401480
312678283
312679356
300987560
300987567
312679449
300989254
300989402
312679631
321401481
321403345
321405168
301012972
301012974
319772395
314062872
319068682
327830450
312685950
312686141
324416623
327830658
321404238
327830431
324416494
319010639
100114304
324416389
321404635
321405749
324418661
324418925
317603792
319045335
324418270
323467641
324420398
299545558
321389915
324420422
324421492
324421377
300487740
324421387
324421528
323835595
327543476
327841421
316128493
327841206
319179004
319755250
327841479
327841764
327841767
324552143
315308417
327866297
327842105
324424783
323464607
327866295
324422435
319031967
327844227
322120629
318806062
324422573
319715167
319720835
319721043
319722460
319720624
319721047
319720793
319714569
319045309
324425641
319715264
319716793
319720657
319720802
319720880
319721192
319722348
319722441
327851473
319724237
319722783
319721854
327449543
319722590
324425642
319723272
319729357
319729451
319729497
321534366
319734826
319186574
319733561
319733563
319733540
319733538
319733572
319733542
319733556
319733573
319733555
319733566
319733618
319733588
319734433
319733612
319733660
319734440
319733685
299487086
319729919
319729948
319729921
319729949
319729969
319730004
319730075
319729988
319730017
319722676
319727474
319730005
319730016
319730066
319730071
319730397
324425839
324426063
319730958
319732229
319732747
319733524
319733489
319732456
319733134
319732843
319732230
321543978
321543980
321543981
319745812
322129232
319740907
319743699
319744787
319742989
319739878
319740609
319741099
319742374
319741333
319741204
319740955
322212371
319741095
319741931
319742211
319741730
319742856
319736647
319775468
319776417
319776418
319776452
321560515
324426809
319776594
319776739
319778023
324426179
319777150
319780601
319780452
319777149
319777947
321560505
319778298
319778397
319774940
319774941
319777719
321561131
321561496
319779859
319780339
323870277
323875891
319780769
319780884
321560514
321561497
319783191
324426777
319784635
324596018
321570575
299692589
321560631
321568030
321570158
321571254
300518922
322669936
321572649
321571432
302364173
302367993
302374024
302376460
319013062
321586657
300347321
312403189
327859574
323830174
327860202
322146531
322450082
319088884
327860250
321570070
327855694
321589255
321588544
321588663
319087227
321589348
321589400
321589602
321589488
321589678
321589537
319044067
319045340
321590492
319069081
322165612
320743868
321590442
313276132
312574035
319159027
321593996
321383866
321665400
324440273
327544567
324547227
320153600
321593107
321593104
321593311
321593350
321593444
321593952
321593174
52340236
312403048
321593467
321593527
321594570
321595271
321595291
319419581
321586893
321587505
319763622
319768374
324420138
319754396
319747993
319755251
320422478
302944199
302944873
321595591
321595658
313543594
321598050
321598246
320747967
321598571
321586930
321598610
320121252
320120033
320120179
320140075
320144158
320140729
320143298
303066264
320145427
320141540
320142671
320141544
320140900
327612416
321303534
321381463
320146202
320146598
320146914
320146292
320146405
320147252
320146718
320146762
320147713
320147992
320147511
320146943
320149496
320148016
320149451
320149441
319066066
303033615
303033617
320137010
320136946
320136943
320136945
320138770
320139095
320140090
320136948
320139026
320138987
303041909
321665401
322191415
303042963
320145945
321600556
324546443
313031968
326818170
317159899
317159914
327843423
322432457
319048599
315294724
327863973
327861374
321603458
303485261
317180806
303495801
306991743
321357782
318770053
323887576
327862193
327862556
327862550
300915813
324439439
320150013
320149694
320151580
320152126
319046205
319007982
320153162
318811786
316591686
316627276
316627328
316639591
317169316
318707520
318769775
318770095
319395776
303042901
303522930
309399773
313768919
316429473
318808418
317805334
319087376
305975884
308445779
309386320
312570082
313089985
313752082
313752510
313752527
313760350
314061101
314061870
300487338
313366270
314173710
316594848
316594851
316637720
316639146
316671832
317603256
318764370
318764372
318769750
318769823
318769839
318773914
319087148
319087188
320128166
320128231
321424522
321424565
303978345
313846610
316686505
316686794
318764373
319087319
319087343
300736007
312852323
315305011
316671860
308659076
320198265
320200566
320511793
320730485
320739456
321424523
321424567
321424569
321424593
321424598
321424604
321424605
321547931
321550140
321550671
322181006
322445356
324589035
319564525
322447287
319561675
300811914
324415038
324415037
324415103
319564670
319564804
300820481
300820519
300820543
300820768
300820788
300820822
300820836
300820983
300821036
300821191
300821400
321386028
300915306
300915809
300916234
324416203
299762392
319158725
319409215
312680934
300984518
312680988
321400654
321403814
327828253
321401850
300818380
327830545
327830618
327830943
327833694
327833845
327834142
327834494
327836864
327837616
327837803
327838179
327838183
327839732
327839731
327828735
327829001
321402255
327827804
321560321
323802940
321407723
324417288
322434157
318294555
320692291
320140051
312686067
324418431
312689947
324418020
324417997
324416384
327839730
322667200
324420109
300347387
327840022
324419249
322667298
319785764
319786453
319786976
319787694
319787902
324419163
319158697
305878753
324419968
324419552
319755457
300524495
324421027
324421030
300346948
322648571
319376715
315001606
319781614
320717749
320140730
327840870
327840872
327840873
327840887
327840888
327840891
327841487
324547281
323419276
300461849
300461856
321569912
306340095
316873567
324421691
324421684
324421677
322460924
327597503
319065821
324608228
314202255
314202757
322165263
307458732
327843369
327845618
322431155
323418205
327841953
327842525
312396113
324421959
324422207
327842022
327846340
327845994
327846196
327846327
315843393
327846468
327846406
327846438
327846456
327850082
327848216
313544005
321406367
319726989
319726707
319726699
319725854
319726688
324425607
75674985
319729732
319729851
324425636
319728707
320691581
319728692
319729899
319729604
319742300
319747697
319750853
319751337
324548047
319728706
319747853
319747715
324547937
319748037
319743782
319743261
319748285
321544790
321545084
319744778
319748280
319744248
319748288
319748294
321546117
319748336
319748305
319748304
319748313
319748320
319748314
319748325
319744313
319744853
319744904
319744933
319748324
319748321
319748326
319748343
319748350
319728704
319748337
319748340
319748357
319748365
319748361
319748351
319748359
319748364
319748370
319744613
319745509
319748408
319748421
319751335
319750836
319745066
319748433
319745336
319748469
319745450
324425864
321546132
321546133
321546431
321546437
327855695
321546429
319747089
319747695
319747673
319747087
319747243
319747498
321546440
321546474
319747245
321557561
319753156
319751053
321548562
321548742
319750933
319751457
321549645
321556486
308313797
319767616
321559386
319067531
299742656
319765158
319764650
319769447
321559703
319763621
321555911
319765240
319766507
319767475
319765695
321560555
321559769
321393570
321560142
319777148
319770604
319770729
319771207
319771447
319774793
321560310
323467406
321560319
321560381
321560394
319772413
319775336
319773098
321560495
319775778
319765518
319777017
321559578
321560509
319770883
327841413
324549025
319797507
321599952
321571253
321566914
321566543
321569845
319087671
322742066
319064109
322153430
324590924
320728399
320729285
320729483
312906937
321570887
321567382
324426812
300806152
302249630
302250217
302256037
325214382
327840024
327840025
326411225
321581956
302285853
321586643
321586650
321260260
321585712
321586744
321586871
321586743
321586767
321586883
321586941
321586770
321587017
321587251
321587318
319034111
321588511
327860686
321403691
314051393
321588523
321588526
321588633
321588834
327860587
327860697
321358294
322593073
321590491
321590445
321411729
321591165
321590505
321591248
320734519
321590518
321591718
321591838
319044298
321591075
321595014
321594002
321594066
321594003
316486100
321594042
321594041
321594024
321594010
321594124
324548511
321594537
321594184
321594440
320397190
321594485
321591901
321594456
321595292
324549611
321595584
321839794
322666223
321595783
319069142
321596663
321596362
321596841
312902009
321595766
321595881
321595878
321595763
321595734
321595770
321595449
321595389
319040976
320120763
320121711
314201890
321598494
321598539
321598579
321598583
321598682
321560449
321598775
302996383
320121340
320121369
320129031
320136929
300524499
319048420
313883661
324546788
324426742
312401006
321387542
321591805
321385925
327861414
319088312
322596316
327892389
318736731
324551952
320387899
319782086
319157693
319186486
303544187
303545396
312399213
312618341
327862249
320149419
312677418
320149443
320149425
316155923
314647668
327863245
320187669
320188257
319414064
320188488
320188516
320188318
320190270
320192017
320191425
327863009
321357791
319773724
320187016
320184699
320185909
320187886
320188484
320184771
320201399
318313238
320195203
323438727
319066483
323438737
320191194
320191076
320192088
320191207
320191955
320189827
320191211
326369202
326643527
320191948
320195292
318810035
320192505
303939258
320192128
303940213
303940500
303940617
320191349
320191776
320191839
320191845
327863004
320192156
327957616
300801987
320192724
320192334
320192528
320192310
320193588
319087475
320192474
320192154
320201633
320194181
320200561
303947537
303947933
303948559
312678274
320192965
320194072
320194016
303952598
318730548
305877638
318736760
319198275
321651035
323802904
321657911
321657916
327863238
327863376
321657707
322389142
321690426
312679262
321690501
325224510
327863482
327863536
327863603
327863485
321782808
321783756
313738972
304548197
321807760
321811104
327863618
321812336
321811452
321811847
321814879
321812602
321812967
321813148
321813464
323886737
322689397
321814223
321814638
321815998
321815631
321816054
321816774
321816550
321822852
321817105
321822301
321816625
327863624
321818460
321818868
321822685
321818928
321821129
321845837
321842410
321843444
321841510
321841653
321841652
321842570
321843483
321843122
321828387
321849823
321848741
321849503
321847681
321834800
312658399
323418386
320193599
319186895
321827358
319406076
305284159
304924155
304926867
327612724
304940897
304941066
304929408
304929529
299737348
305708537
318431040
304964523
324414576
319403109
319403249
319403475
319404594
319415029
319418593
319727912
319728266
320201281
320202432
320687921
320688137
320688274
320688275
320688341
320688426
320688489
320688586
320688659
320688745
321424542
321424608
321586358
321590509
322151384
323543138
326450446
323407724
299533594
299686296
300300231
300460661
300460665
300460697
300460701
300739113
300794485
300966111
302960695
303035964
303525839
304120628
304154792
304157640
305526371
305708242
305716657
305878926
306066143
306267694
306822730
307148055
307235136
307235420
308306995
308445797
309166201
309379024
309386425
309392789
309981023
310017000
310017365
310017460
310107339
310107349
310514431
312372467
312372638
312372656
312373298
312840778
312874817
312875130
312879856
312880533
312880541
312880923
312881567
312886358
312887029
312887378
312887557
312887586
312895501
312895899
312896128
313020617
313020628
313089430
313089950
313090020
313090210
313090414
313266708
313275385
313275600
313275601
313275708
313280860
313366672
313366755
313366916
313367132
313421206
313446254
313446320
313447850
313448050
313555330
313592468
313692735
313692740
313693203
313752095
313759877
313845494
314173440
314173914
314173941
314746597
314814570
314959599
314959920
315001535
315274612
315423014
315429103
315448459
315786818
315787450
316036695
316038919
316049688
316476154
316486857
316582858
316583085
316593370
316627285
317165187
317526465
317805346
317805783
318011388
318011741
318571972
318706890
318726167
323459816
318764936
318770056
318957129
318995913
319002160
319003431
319043945
319044088
319044324
319156477
319157186
319157278
319304974
319305346
319305777
319305952
319313457
319388232
319390327
316592778
316491709
319186479
324589181
319043606
314202438
321588524
321842998
79449103
312825777
320204187
323416949
312825793
305540399
305541102
324555505
305527307
321811403
305532402
305532414
312835903
319759667
305535051
327863806
318726168
322688383
322131347
319533905
323418227
305669707
305672612
322704811
323414163
305660474
305662238
312857069
323408089
318728326
320729289
322611144
327864031
327864051
327864195
300830522
313769028
305856147
305857783
327865218
305845618
305845652
305845693
305845927
305846551
305846676
322704256
305851548
305851570
305851553
305851621
319065766
305882388
305882554
305883544
305883594
305884044
312852974
305874541
305874551
305874773
305878784
305878951
305879413
323418025
305880043
305880084
305880174
305880163
305880175
322448763
305881208
323414844
305940391
305948866
305949127
305967746
305967827
305970029
305970463
305971789
305973766
305974268
305963096
305963285
305963337
305965559
305965657
306066770
306066813
306066950
306077011
306067269
306067491
306068264
306070029
306072440
322206303
322206195
322447431
323801423
323801916
300794769
300805715
320175680
305532077
324578102
324578396
325224557
313104090
321657758
321657760
321657762
306098427
306078677
306080035
306080699
320284987
306116772
322666716
306117933
323460333
322120626
299539065
323414865
312886478
322146996
324599711
322662888
312887525
323460550
323460539
323460761
306278744
312888459
323460576
306306561
313884881
306307949
306296272
306297182
313874908
98488874
324600150
312896300
312896355
312895528
312895519
324600197
326935439
324600203
326888706
322181839
312897984
312905506
312904940
303916175
319789218
312906959
312908233
312908126
306820004
306821313
312908235
319744855
313739486
306951587
322153399
307007201
307007330
307007695
307013290
312401270
299730093
299730444
299705902
299699693
299720810
299720960
299721243
299721262
299722940
299727421
299728863
299729645
322180227
323463748
324565607
324600839
319085633
321386247
321386347
323412248
324600733
318727056
319720741
323413959
299747843
307148573
303545978
319041118
307148669
307149294
322204311
307150303
319032738
318731664
320192586
320148279
300521306
320149453
320150017
319156845
306822544
300878991
327862089
327862514
312649283
321587517
318720294
312874468
322167960
319085670
314763749
321786124
324540712
309384719
319733565
309380903
309378999
309379829
309380117
309383418
319088769
309379004
312401023
327861726
312401288
327862119
327862190
327862555
327862323
327862296
327862442
321546496
320149418
315424213
321546490
327957196
327957198
320149420
326813486
320156124
320149421
320149457
320149465
320149497
316130792
320174241
320175593
322447207
327844798
320173873
320174020
324552326
320174167
320176368
320174976
312510455
320174214
320182995
303896464
320178744
303881009
303881381
321800150
320180044
303889607
321320336
313741369
327862889
320188517
322664145
320188480
320188481
320188498
320189545
326814718
327623202
327863359
304122178
326814719
304124537
326814952
320431327
304143667
321811694
304147425
326815034
304152865
321586641
321587083
321596850
321596833
321590070
321588680
321595764
323418128
326815279
321693123
326815066
321693678
323801994
327863292
327863332
327863356
321693736
322687338
318571969
322455764
327863621
321797277
321787487
319159706
321789472
321785294
321785837
321785952
321785954
321785990
321786109
321786334
321786108
321788381
321786626
327863525
321787416
321787451
321799895
321799874
327863562
327863587
321799607
321800065
321800156
320697497
321799997
321799189
321815337
321815345
321816146
321819553
321823999
321824683
321824557
321824741
321825611
321825623
321826179
321825632
321825636
321825994
321826065
321826027
321826741
321826454
321826510
321826766
321826666
321827562
321826707
321827109
321826779
321827872
321828511
321827707
321828415
321823389
321823575
321833585
321829308
321834291
321829970
321834224
321834261
321834263
321834257
321834583
321832355
321832384
323883455
300314667
328852250
324553428
319535950
319065891
320904372
300348898
300348991
300349261
304968061
300353261
300359527
300462363
300462374
300978494
300978507
300978551
312907042
319071087
305002741
323806810
327327656
327334378
313356041
312679186
319070738
304992393
304992483
304992499
304993055
304993067
304993995
305019835
305020840
305006678
305008034
322701745
313746744
313353913
312499463
327582703
309353125
313094043
313094243
305232459
305233264
322647674
326815984
324555281
305246476
305246492
305246764
305246784
327623785
321595836
321595869
305257329
322667714
313580984
312819102
312819103
305262206
305263215
322704166
312819104
305275297
305275341
305275800
327863773
319010018
312831056
319157310
316592769
305469449
305469548
305470002
305470009
305470078
312828758
324547112
314644640
316592821
320739384
322704233
324547083
305567860
83877931
323414819
323408263
323413778
322662835
305681882
322447888
322603985
322604036
323411229
323412420
322704384
322180353
325214827
321595822
323413401
321591414
327863799
305678359
305705097
313720996
305709362
305709589
305709772
305709795
305709887
305709916
305710531
305710550
318729704
319748427
322390916
321398488
323413998
324600180
323414438
305701712
305701745
315623502
307471431
325214034
321591235
322442414
307634991
312832422
322704502
323414850
305974356
320416963
312881474
312878597
323414861
312405510
322199266
313765570
300494090
306104578
306124971
312685889
321850071
321850356
321850823
321850117
323467618
306134178
313694555
312510440
313085533
319534757
306126672
306126691
306126881
306126962
312885484
300793961
299358901
324599816
324599621
312888992
321841421
322604383
324419161
306350579
324600718
306339441
327861887
327861974
327862026
321824366
324600154
312894713
312895177
322186953
312893764
312893666
312894846
312894038
312894034
312894255
324604766
312895053
312895482
312893702
327616518
312901710
324600223
324578397
324583391
324583575
324583857
324584180
326066154
326779846
326812299
326814261
326896487
327544577
327544708
327544742
327544897
327580147
327580503
327580524
327580639
327582499
327582718
317840457
326887824
312900348
312900633
321374442
305723305
304119026
304139066
326505571
305692060
305970948
305971324
324589177
299294956
312902688
312906205
312906639
312906645
321386974
319789109
306797336
319043944
300793703
300820420
300787688
300794655
306956818
321341789
318936865
318936359
306991748
306992257
320688231
306991043
306991099
324565312
319796976
307020658
324600698
326931919
307021483
319015353
324595604
312881264
324565502
313356846
324565591
313363280
318986292
321800093
324598362
324565614
324597125
300310610
300736550
300740220
300745303
325224593
303069446
303495800
321594177
321594263
321594437
321594539
321595042
321595226
321595346
321595368
321595466
303958355
304510648
304510650
304510657
304513515
321595093
321800166
321849502
326815275
326815295
305005539
305005620
305005636
305877616
305878677
305879259
326855491
305879323
305879946
305880011
324596849
326867434
326896093
307014074
326905513
326927189
326961796
312403541
312403544
312400998
319087886
320204160
320205135
322194973
318709552
319186171
319186216
324589178
312897722
324600867
321825635
299761985
307141177
326943440
326941699
307143241
321411720
319733581
307150188
319187158
319043260
307159651
321692009
307161058
307165010
312456617
307163569
307163564
319045933
324565904
324565793
321591237
322661093
324597859
324565682
319558084
322207054
324565927
324565776
305708635
324605915
324606624
305939553
310017298
312839951
312881527
313090112
316872254
316872756
319403334
319416732
320131207
323465857
300471497
319403282
320201788
320687890
321424566
321839887
324565868
324565884
324565932
327542682
327542778
300461850
300461920
300460492
322391553
312405677
319557959
314198933
324608684
327608197
324605128
321388350
321545112
327543371
321254291
319724840
319042851
322450393
313884232
327544572
79114194
327864422
324420752
325214048
327544786
327545264
327547147
327544930
327162933
327198313
319187682
313027245
322607876
322679545
313028520
327546442
327546011
327149368
327169474
327153428
327174072
327195157
299731373
322663360
327865053
327849969
320163378
323458540
321393249
325213516
320173856
326812916
326814378
320175677
320175675
320175761
324551347
317837768
303983609
303983924
303984284
303984667
303985179
303954484
303954548
319032874
327865632
321647564
326815041
327863017
327863235
327863221
327863247
312399324
327957860
327958279
321651029
321665398
304130319
327863316
327863222
304132775
321665757
321665817
304158670
304158898
304160076
304160612
319390416
308674450
321690467
327863360
327863602
327863402
327863448
321799864
321798964
322688011
322699328
304513513
304513514
321800092
321800167
321799859
322701266
321804653
304519561
321800650
321787286
327863689
327863662
321800486
321800487
327862551
321800575
327863560
327863563
321810246
321807479
304559998
304560023
304560040
304560604
304560619
319175074
304561838
304562111
304562118
304562134
318732549
321834568
321832802
321833244
321827880
321829122
321828405
321828424
321833358
321834126
321833628
321828745
321831025
321833665
321833867
321828931
321829747
321828930
321840630
321835020
321834615
321834608
321834672
321834614
321834896
321835688
321834794
321834798
321834802
321836532
321836693
321843825
321843836
321843831
323460872
321844649
321843880
321844315
315307069
324595924
321846154
321844057
326815347
327863708
327863742
326815314
321846167
326815962
325214613
325214709
319724600
319088827
319181619
320904688
320910249
316150429
321402257
319044028
319536850
299464619
316872155
323864113
320128542
312799790
319013236
305013778
305014983
305015141
305015489
305015490
305015591
305015654
324414209
320728410
327863743
104163812
324557353
319041073
322702228
305186750
305276901
305277626
305279059
326816179
324605386
305292291
312821427
322669323
327582711
324557432
324555564
324595016
312822682
312825056
321807477
321819176
313079332
305487193
312830599
300878876
305475202
305475719
305476423
305479841
323541895
305504751
305504900
305504914
320446968
312832445
312835611
312839910
305513508
305514377
305514949
316492945
323409691
312509200
317894923
307634630
327863825
327863774
299538956
327863782
312455883
326835973
326857740
316125356
321595821
326832832
314646185
312847337
323414388
305717242
305717306
305717997
305718105
305718138
305718349
305718631
305718639
305718674
327384554
305719423
305721741
305727386
324421242
324421243
327864082
320436021
324418709
323417577
327863967
327864064
327864069
327863878
313884768
300857145
322646329
327863907
323461039
319383229
299740500
306041640
306041687
306042151
306042156
306042237
306042240
316505112
305679395
323825263
319760398
321809280
323418497
314811388
307459246
305233811
310625596
306039269
313461993
312881218
299738993
312882279
312880537
323460251
312886507
312886505
323460606
323460414
323460531
319186690
323460533
323460954
306368594
306372452
324599974
306355284
306358199
306358231
306358243
306358575
324600105
312895452
323417478
321387658
324600550
323407166
299692647
324600182
312895923
327864070
312902744
312903264
323465617
312903255
327007077
306834144
306834230
306835552
306835799
306835927
306838507
306839315
306839457
306841045
312908339
312908529
306843475
324549997
306846805
312901013
321403923
324565413
306935818
320729563
324604191
299764953
321600346
313879397
322734930
307020101
326916263
307020166
307018007
326979054
307022434
307022450
307022519
307022635
307022639
307022694
307022719
307022873
318731195
318731842
318764189
318764241
327909192
327957190
307024274
307024544
307024572
320665287
312399871
319088558
321411717
319066333
324565567
312284072
323466246
319535829
320136949
319409070
326871650
318809695
324600740
324600753
324600862
324592101
324599361
324600859
324565613
324600937
323413910
326982517
319069922
320728539
326946469
299542979
307164829
319158020
322129406
322132019
322146964
313739355
325518496
319186301
307165301
307165336
307165338
322190181
322445750
307167176
323887571
307167653
307167728
319402888
320403696
324606362
324605388
324565786
308479306
312826743
305971047
305971072
305967786
305968099
305968134
312648214
299294968
321588477
305702293
305727812
305727834
326816030
305727754
299323840
305970764
304158671
305704856
305707683
305876067
305969953
305971275
321586400
323461063
325224291
326691710
326714335
327863702
327863808
327863866
305692764
299297191
304134633
304136433
305708191
305708666
319742988
321402123
326609367
326815611
307172050
312647429
312679242
312826797
305877153
312596648
312826766
314959686
314962569
319163430
299295004
305708736
306365657
313555412
299295713
304126989
304149519
304158366
304158784
305533497
305724537
305727960
307140219
307148431
324593412
325214170
327858144
328006626
328013878
319006377
327542886
319018081
319009494
316571406
324565870
324565794
326961226
313366754
327863705
300355429
326938660
320145046
320147235
320128811
321563134
327863717
324426547
300485443
319186056
327544724
327544967
327004453
319007962
321833986
319006187
327546803
324570037
322427873
322422407
327545961
327546953
318708759
318708819
320204088
313567966
322147063
324572519
319157539
322666714
322667090
324551839
316490875
300460702
320711938
327562268
327151515
327157530
327544726
327562434
307417924
320186773
307446494
307443482
307476124
307476716
307469089
307469192
307470392
307470498
307472541
307473882
307473923
307478532
327864557
322655837
320384911
324575454
316912310
324575531
324575603
324576131
324575500
327642221
312687521
320188115
321546422
320427915
324576321
323467579
316128715
319394353
319394946
319712247
319713875
324607289
322663479
324578841
327566873
327562910
327566786
319761760
324580851
324581576
324579509
327546614
324580684
324580186
319770073
319748356
320162029
324584184
324563451
324582585
324582491
324582823
324582855
299748439
299748463
299752180
299752568
326617357
326630366
302276079
302276474
302276165
319770732
319785085
319785728
319785900
319787333
319787695
319787900
321565965
321566759
321567892
321585918
321585997
321586642
321586644
321586656
321586760
321587014
321587506
303065999
303066115
303067073
303067289
303067317
303982918
320152744
320154808
320165357
321585936
321587513
321587515
326814711
312399236
312399312
318444404
324582933
326625682
324583709
324584310
324584249
324584183
321222245
322668660
313422325
319085864
313089313
321391836
327969801
327865113
319088326
327865161
322460250
324584368
312493901
313095151
313095446
321590023
313093835
313094157
327579907
313094359
313075182
324405664
321401372
321395483
320384569
320387455
316593153
313095448
313095494
323875994
327610560
327580512
324607056
327608964
322665863
319182769
324606161
324605822
324585073
327570153
310582811
320204266
319748296
313605389
321799638
319065363
319019014
313103877
313103023
305724521
327582498
313103656
313103085
305548502
327582507
327976244
322663138
305877425
319748315
327846467
319070163
320691863
320146597
324415045
324414898
324415251
324415217
324415262
300828970
324587404
327594202
327594326
327979060
324543753
323419238
324557613
312907388
312831542
324565928
324570036
312907065
300460761
323467638
322159803
312832467
318708669
312826959
324587372
320191956
324587433
324547296
317376147
323416076
322160644
321401752
320192089
312570449
324418741
324415239
323461029
312597828
318960021
310295094
324539935
327597425
327597428
327597444
327865195
327865040
327865485
327867827
324588322
327597450
322688010
327597882
319044112
327597998
327597555
324426509
327605200
307664871
307664978
327605488
307642559
327604395
327867022
327863465
327863329
327863400
327863488
327863423
327863449
327863510
327863530
327865635
327863556
327863614
327863704
327863642
327863714
327863694
327863721
327863879
327863597
307667221
327863620
327865799
327863431
307296105
327866769
327627093
319722087
322120633
321400520
321399842
319158729
323869010
327611492
327612042
327612326
327612650
327618874
327611490
327616516
327614292
327617573
327225859
321373188
319065859
323461484
327607574
323463445
327623783
327608199
327630083
300314738
327624320
327628181
327628342
327628351
327630094
327630092
78282026
327864375
313730844
327638302
321823193
321801004
308665756
313870625
308685884
324404397
324597930
312205946
321805721
324397026
327842387
299766498
321800085
327978072
320710734
324599076
321800148
321693564
327865627
309033391
309033870
322435468
320434104
324599120
300965840
300965862
300965886
300965892
300966048
327865394
313878320
321849828
319068018
319071094
327851790
300300855
318802355
318735597
322658041
316381651
300773835
321690868
324598830
324599122
324599131
313356446
315829018
307704660
322185014
319071067
327865981
327866003
327866027
327865874
327866035
327866000
299512040
312483595
307015779
312410043
324599790
324605375
319732837
319729401
305874350
324605404
327582577
319733601
319730380
313094928
319733595
327865995
327866024
300486279
300486691
300487733
322673400
300488294
300488037
300486901
318977079
319733536
317159915
319043507
300915532
300485884
299749612
300488234
309127769
320392712
319088261
300488042
55003400
297571809
297980180
80200434
51213982
53077811
53078712
53079617
53817835
55003246
52417506
56986067
297570337
297570400
59502236
297571094
297571270
297630918
303021168
307704173
62989933
64782592
312284073
68835937
68986414
70759459
70937705
73598731
78004220
80140637
315884655
318303299
86693645
86693675
89360075
91334182
93758846
93761464
41282281
41363490
44626778
45957807
46491215
48077762
49202077
49564979
49734978
50600124
50600131
42074033
44439619
45290203
45290270
45677991
46881395
48152964
57864929
79449323
48736257
49202115
97192604
98544929
318796098
138586697
155952371
230787143
297542226
322145258
122153251
322147066
322151230
322168283
322168960
322196718
322197033
49563327
92079372
56343697
59572814
297630989
98544971
318314978
70759038
74589898
99496652
101584655
306978897
35425843
48342863
40942327
48152945
309386330
53077741
50600134
42010536
312205370
100881082
303021724
123653783
56986058
41390735
40647426
312205866
76647611
318222353
86685996
53077726
312205368
308486437
323418027
319043997
327606401
324606441
324604999
307146679
322663223
307148194
307148503
307148538
324420397
316501813
321591717
315005355
316684791
313095681
307006961
307007074
303067314
319775141
321591371
322586424
299749151
323458932
322586686
322587244
322587024
322583319
322582764
322583262
322586132
321591754
324565618
324565774
324565830
326970854
322393088
323887554
321372307
321850444
313090063
313090243
313275874
313752324
327543082
324606302
324566019
314040279
324606027
299274327
322659749
312410257
319015745
327543396
321591498
307296397
327864088
327864135
327864107
327864139
327544264
319009945
327864482
327864524
327864530
327864812
307304152
307304470
307304459
326988426
327544579
327544585
327012655
324573363
327545226
327545247
315450424
319007961
327546161
322182818
324571140
313028763
313028764
313028839
313029006
324606214
313029115
313029225
313029233
300460990
322146056
324600961
319035518
302352352
324545360
318709634
322146888
327549809
324606800
327562158
327562435
327562433
327562432
327562431
318708327
307449114
324574343
321546421
307456814
307457359
324575090
307484476
324575447
324575417
327864570
327864857
322199575
327562793
327564202
324575355
324575356
327562857
324575419
320422954
327864581
79252041
318724536
316117715
312482426
79271226
79271243
313078507
327160280
327181648
324608572
319071640
313078959
327166544
327193211
327198312
324575947
327169867
327191056
324365656
313081076
312483779
327609640
327563913
314025500
300522451
313099546
322445337
300831215
319757068
327568408
323462248
299745446
320188767
313084771
313084647
323464613
313087083
319159373
312508831
327971353
327577385
321397840
313096212
319186543
319758769
316902465
319748300
319186856
307457460
320204737
319012085
312880413
310582996
327610013
324587642
319010112
319758215
313099017
313099570
319037012
319186319
319186356
326780344
302944554
319041857
321792034
319012296
319011464
319011964
302364185
319748284
321799635
319010634
319186836
319010718
319042323
312875126
319186480
306271878
324565869
319758886
322386621
320204572
319186596
319163425
319186675
322386630
322386628
319186372
327609409
319186415
319182765
319161909
324559702
319085502
319186651
324588503
313099545
313099555
313099553
324586753
319759571
302364006
313745880
324565494
319085488
319760683
324588717
320188510
312406537
312649060
315307071
321798995
319085497
324565777
312649222
313104094
313104237
318730493
327863144
322648294
327863075
327625478
318810489
327582733
324417703
319088865
320440343
324417332
324587181
327582755
327582748
322188483
327594280
327594310
323869055
327582737
324604559
320174266
309379003
313762755
321567072
324567215
321824811
316595236
312837077
315279150
316595282
324584199
316872133
322143892
327594277
319089532
319726807
325215040
327863801
319086812
327594633
327594361
307485522
319088852
324588724
327594292
327594794
327596971
323464396
327595344
324588369
320183822
327595342
327599255
248581557
321400268
327606129
327867041
307714519
307716372
327606113
327606114
319085266
327627325
323868923
307699836
320188499
327865409
319007929
327568506
327568619
327597357
323868899
307728689
327609295
327609643
327841488
321399921
319186462
327607367
327608198
327608694
327608689
327630099
316592573
324596943
324597126
324546482
324546510
324597247
327616810
327615123
321692086
327622517
320394063
322388980
327625484
327625612
327628183
327630101
308129158
308130249
318730568
327631495
314060813
327631021
308271229
308284968
323875908
327631571
316431113
308447903
308475541
308476870
308477064
308477072
308479542
308480492
308484448
308485658
308485807
308486355
308486368
308487637
323467482
318802354
321396905
322203809
324590296
308768877
308747175
308747349
308818499
308819244
308800594
308800744
308801198
308801919
312909958
308806949
318735683
305233081
318735471
321097244
321800105
319046009
318736344
321400060
319186357
309133300
316504220
303910815
320172333
327631751
327635692
309154765
319071202
315447315
319186831
319186842
319186946
316684857
322120138
324565074
324541046
328010438
299692596
309341046
299693020
320690341
309377590
309377651
309378932
309379268
324599127
309385111
309386283
309386646
309392819
324599124
324598374
322190822
314633227
321372584
309515979
309548456
309552416
309552979
309552982
309552991
309553069
309553071
309553088
309553198
309553208
309553216
309553783
309554804
309554840
309554951
309556630
323868641
324599182
324599239
324582492
324599130
309981064
309982447
318716419
310007862
310007961
318727363
310011373
310013784
310018472
322165725
321301451
299294453
304154656
303068353
326814594
299294356
319750777
307170997
309516331
305876063
299295042
303948561
307167935
321404725
305708563
307167387
321375617
312887380
303881368
303948518
312596896
306367373
326825252
305732736
304134306
305967913
326534239
319747700
305967535
305969121
304149424
319747708
307170678
321401343
309514870
303072248
321357489
313604535
309528798
327865913
324600157
300969687
324599622
324600079
314808797
323416052
324547066
324600113
327865980
299532354
321285181
317836777
327866179
310386719
318218152
321692068
310513938
310514402
310514417
310514421
310514430
310514482
310514480
319086533
319087060
306350016
313089183
310631684
323467635
319173274
324608216
319563833
322667089
312399226
319043270
312493723
300493468
320750839
313076548
319760938
316089716
324592175
318721409
312905639
319087652
319046427
320447747
319016915
322415885
327865019
319043783
324600658
318731935
312402550
312678472
316507274
315447457
324600669
320379913
312679446
326543313
306078654
321375151
324600962
324600911
300787293
300787527
324600964
299528518
299539739
299541448
299762405
300306148
299546000
313264842
305722243
313264748
314032629
313264619
319012066
321596887
321596976
313695942
313422202
324588305
311921198
320175631
327866287
327866292
311928918
311931339
311938950
311947406
311947407
311947410
311947483
311947500
311947521
311947698
311948904
318732015
319066096
321587437
319088992
322191329
324600155
317383559
324547056
325214630
324418023
319085433
319088912
318735821
319186674
317840311
319088982
325216808
319085451
320384568
317827515
320175222
324424275
319045484
322146967
317538110
319088970
319065658
319088929
319086150
320381078
325214129
324547669
323465185
322183021
324413443
317834046
319085035
324604452
318731433
319175430
319157979
319069490
319044400
324547492
319044553
318308225
317839655
322147062
320390163
319085807
319065732
319085083
319158041
324591037
319071422
317379634
320382020
322705594
319071460
319085815
319066610
319070039
324595190
320266436
319071250
319186390
320398212
324425657
319066558
320382723
324604193
319044568
319085116
319186871
319085678
319186271
319086003
317379614
324599927
318730670
322447897
319186253
317827548
319085786
324548901
319069124
324598642
312396096
312399105
312399107
312399121
312399122
312399143
312399209
312399210
312399211
312399224
312399231
312399243
312399246
312399282
312399299
312399302
312399303
312399309
312399311
312399323
312399326
325305359
312399692
312399751
312399754
312399848
312400015
312400016
312400020
312400103
312400807
312400934
312400961
312400964
312400980
312400975
312400985
312400999
312401001
312401010
312401019
312401022
312401027
312401028
312401031
312401065
312401070
312401071
312401096
312401097
312401125
312401130
312401131
312401139
312401183
312401184
312401215
312401222
312401238
312401251
312401271
312401273
312401278
312401291
312401601
312401692
312401719
312401759
312401927
312401943
312402057
312402392
312402677
312402749
312402767
312402828
312402850
312402853
312403058
312403052
312403051
312403111
312403135
312403125
312403154
312403160
312403175
312403179
312403181
312403190
312403191
312403243
312403293
312403295
312403299
312403302
312403308
312403344
312403361
312403355
312403365
312403464
312403529
312403542
312403540
312403573
312403574
312403582
312403598
312403603
312403612
312403950
312404339
312405113
312405683
312405684
312405686
312405697
312405717
312405870
312405953
312405986
312406067
312406244
312406518
312406516
312406588
312406840
312406841
312407472
312407711
312409790
312409852
312409874
312410051
312410095
312410101
312410162
312410226
312410230
312410229
312410986
312411350
312411905
312434044
322207677
312455759
312455769
312455805
312455803
312584129
312584235
312584793
312585748
312586343
312586628
312586899
312588882
312595855
312595994
312596064
312596898
312597078
312597137
312597211
312597359
312597640
312597805
312597864
312597868
312598272
300350939
324601466
300829065
312658099
323415450
323416528
324547656
312681006
312826589
312896014
316885898
327553741
324547196
322163595
322164209
324541079
322120720
324565880
324565929
313029125
313029242
324584417
308784342
312888280
312685696
313356153
316595271
313055935
324565588
327562519
321404874
321594125
321826665
327562602
327562513
324600965
327562608
305717054
312500430
324606687
324575418
322626787
322650662
323868621
327562874
52340269
52340279
52340292
52340299
52340301
324575358
327562823
327562836
313041848
312826745
327144618
324575916
324575441
313079333
313080308
313079423
321382140
321262183
318810337
324576295
319088344
313733877
327607933
327564482
321595620
321595513
321595529
324606893
299516357
321591328
322389205
312821212
300727587
327562595
319757529
324605474
312827392
327569746
319748409
299294988
324584193
324583559
324583516
324583571
321372100
327576564
319086738
327579904
327576407
327865518
313090008
313090018
313090017
320743954
304134547
311983869
324584443
310584694
316141658
321585278
313095505
313096022
319085127
321393048
322592866
320161183
313099572
312648212
316894568
316466660
312648765
319163447
316466450
319011196
315307058
312651621
327543951
321690394
324588990
319747711
300337303
322386633
321798588
327582495
313099596
327582715
327863086
327863211
327863302
327863184
327863252
327582719
327863236
327863306
327863270
320735000
327616001
327582726
327582725
327582764
327583028
327583595
327583715
327583872
327583886
324587134
324587459
324587401
304149442
300655609
327864314
322662828
327594309
327594337
327865783
327865914
318729695
327596699
327596700
327596838
327596968
327597393
327596973
327596527
324588502
327597396
327597397
327597414
327597421
327865269
79449178
321844090
310390982
327601358
319760714
327596966
327603389
327603842
324546446
327584073
327594477
327596829
327597506
327597731
327602274
324588586
327582600
327865633
316892876
327609218
319186511
321399716
327629970
327609737
327610437
313884797
327610105
321400410
327609296
327582494
327597416
327609532
327609406
327609947
327609533
320191114
320189562
320191075
323868983
313739908
322663198
321401093
327610562
327610802
327611123
321400792
327619603
307893013
327619326
327619187
327619573
327619588
327619475
327618617
327621311
321595765
324404915
321595773
327609149
327612320
327623204
327628714
324598251
327626942
327629986
324597286
327627681
327629863
323883476
308310399
324597659
324597741
299489371
308314976
308318007
308318338
308318538
308306863
327639048
310607482
327638679
321825624
327608704
312665771
323868881
312901659
308809170
308813267
305968059
322416665
317840359
321385814
315307628
322460718
326455815
309080079
320695021
319762369
319043992
319086719
319747112
319747515
319747693
299768115
323464614
323415440
314751806
319760603
322191129
318731174
324406153
306991749
320733453
324600201
322586514
322586572
322588013
324547124
327865870
309985703
309985960
309986841
319007697
319007928
319007922
319173238
321841507
319729986
319729249
313356239
327562490
324605361
321598671
310140412
310148527
324600151
310151533
310152153
324599856
319735196
321564119
324600158
324600192
321400670
310294887
310295012
310295105
310295123
310295138
310295638
310296907
300793099
324600196
324600202
300788506
313355387
313355147
313281053
318295401
319008336
313283253
313286200
327863007
300983001
313101218
300969138
327866127
310511335
310511443
310512321
310512891
327866122
310548909
310548996
310549085
310551158
305719493
305719334
310566009
323460971
310577040
310578745
310578956
310582927
319069323
300969372
322409973
324600551
327866137
321788315
322451698
321854104
322167261
323459879
324600858
312401024
321560320
321388388
312201189
315024677
321393047
319748366
319748368
305181891
324600963
299489430
319419570
324600938
324600861
324600909
319018114
300460604
316855316
324347980
319070805
321809503
322147016
132585347
312483545
314808792
315489628
327582523
319186519
327582491
250849906
300979841
311966355
311966581
311966649
311967152
311967243
311968249
311968248
322199247
320747968
322445360
326621042
324399175
319157043
320151845
319784587
311980428
311980426
311980618
311980927
311983882
311983887
311984043
311984022
311984195
311984209
311984291
311984354
311984553
311984605
311987616
323875947
311990967
311991507
311998989
312000018
312005103
312006174
312006283
312006553
312006810
312010600
312010875
312010876
312010879
312012249
312185996
312185999
312205904
312205938
312221819
312231290
324601056
324600998
312456027
312456464
312456465
312461126
312462493
312498317
312499119
312499140
312499143
312499168
312499169
312500110
312500712
312500867
312463631
312464267
312464409
312464442
312468251
312483679
312487100
312489510
312493737
312495937
312507352
300805986
312508761
312509270
312509483
312510033
312510103
312511039
324602270
312646403
319043247
327841892
327846466
327582745
327582750
327582775
327582787
327846494
327846693
327847164
327848600
327849033
327860307
327860334
327860526
327860646
312647977
312648220
312649026
312649028
312649187
312649189
312649194
312649192
312649196
312649280
312639870
322153192
312640107
312640153
312892746
312893698
312894026
312894111
312894260
312894666
312894690
312894700
312894712
312895766
312895767
312895787
312895915
312895914
312895916
312896155
312896156
312896298
312896303
312896354
312896398
312896404
312896436
312897437
312901000
312901029
312901117
312901665
312901664
312901706
312901726
312902748
312902911
312903231
312903233
312903237
312903232
312903247
312903254
312903266
312903265
312903269
312903270
312903272
312903304
312903484
312903618
312904236
312905424
312905451
312905459
312906070
312906192
312906451
312906609
312906848
312907064
312907194
312908133
312908188
312908230
312908263
312909229
324575427
322119888
322446684
312880535
312880948
312880950
312880954
312881212
312881216
312881224
312881225
312881425
312881475
312881478
312881511
312881616
312881638
312881843
312881862
312882553
314026228
312883715
312883887
312884870
312885485
312886199
312886361
312886473
312886476
312886479
312886511
312886573
312886576
312886577
312886630
312886752
312887031
312887246
312887321
312887320
312887325
312887323
312887461
312887583
312887794
312889320
312890399
312890748
312401254
323467490
322162145
322388984
313086788
313086926
313087362
314820225
313089267
313089272
313089278
313089304
313089431
313089435
313089949
313089986
313090022
313090213
313090428
324603364
324603587
324603322
313094332
313094511
313099558
313095154
313095241
319086820
313095471
313095493
313095686
313095687
313095806
313095842
313096016
313096024
313096067
313096519
313096542
313099211
313079330
313079511
313079656
313079996
313082443
313083571
313089720
300339327
299769056
313264607
313264705
324603197
313267077
315613214
313267326
313267341
313267342
313268059
313271124
318800899
312456676
302340763
300344264
324603321
324603777
313282131
313282301
313282937
313283137
324603351
312640152
324583560
326162324
326226968
326780512
326814540
326815040
326835975
326927896
327006275
327197630
327544563
327544647
327582043
322603324
313027256
312580615
313509624
313509627
313509630
313509637
313509639
313509640
313509641
313509644
313509647
313509649
313509650
313509671
313509672
313509676
313509703
313509704
313509710
313509721
313509722
313509724
313509729
313509732
313509733
313509734
313509735
313509737
313509738
313509740
313509749
313509757
313509761
313509762
313509764
319723268
316691044
316691377
319015375
327866131
327866006
310374288
310375039
300793294
310590805
319776921
324600225
313597778
312886852
324600222
310619706
313739006
310606195
310626277
324600553
312852712
324600396
312883664
320750950
320160566
313092516
319007926
322663243
321597972
300793974
326837615
320730190
299541427
324600729
321392790
313862728
324600754
324600991
322181727
320192204
322446344
324600989
318736559
321303026
322387135
324601162
318456461
316089761
319748292
324588216
306103738
326747397
324600970
300314684
327628716
321400308
327582500
311900540
311900586
311900837
311900839
311901750
311901818
306801398
311908911
316881620
303545970
319071943
324392524
312265188
312266488
312268655
312268799
312269091
312269092
312269130
312269137
312269327
312269443
320385632
316593231
312274587
312274771
312275903
312277315
312277557
312278268
312281173
312283885
312283972
312284094
312284130
312284131
312284450
312284726
312284818
312285008
312285033
312285036
312285097
312285104
312285910
312287223
312288069
312288097
312288806
312291319
324601552
312375071
312375419
312377999
312379810
312379804
312379809
300987614
319157939
300655332
324603258
312566095
312566151
312566152
312566162
312566167
312566168
312566169
312566177
312566264
312566271
312566272
312566274
312566275
312566278
312566302
312566305
312566307
312566308
312567173
312567174
312567180
312567183
312567188
312567199
312567200
312567203
312567206
312567208
312567212
312567213
312567269
312567272
312567283
312567284
312567287
312567304
312567358
312567537
312567606
312567666
312567686
312569682
312570074
312570085
312570081
312570090
312570108
312570114
312570143
312570145
312570196
312570198
312570201
312570202
312570205
312570199
312570200
312570211
312570212
312570409
312570430
312570450
312570446
312570448
312570882
312571888
312573032
312573487
312573492
312573489
312573592
312577178
312579489
312579801
312579802
312579803
312579820
312579897
312579906
312579909
312579908
312580363
312580609
312580781
312580827
312580837
312580838
312580844
312580892
312580922
312580924
312581126
312581125
312581227
312581305
312581613
312581626
312581631
312581633
312581634
312581636
312581637
312581758
312581930
312582566
312677339
312677769
312678710
312679184
312679197
312679263
312679419
312679447
312679448
312679467
312680101
312700934
312681459
312682914
312685492
312685626
312685719
312685842
312686077
312686847
312687539
312807279
312824521
312824570
312825245
312825585
312825609
312825611
312825613
312825614
312825617
312825620
312825779
312825798
312826574
312826575
312826576
312826577
312826578
312826583
312826584
312826612
312826711
312826715
312826716
312826718
312826720
312826746
312826749
312826750
312826794
312826791
312826792
312826798
312826806
312826962
312826980
312827966
312828904
312829178
312829537
312830750
312831234
312831781
322191307
312835616
312837575
312817769
312818669
312818761
312819097
312819105
312820516
312820674
312821189
312821205
312821210
312821211
312821282
312821370
312821386
312821581
312821639
312821692
312822206
312822377
312822672
312822856
312822857
312822896
312822919
312822957
312822964
312823400
312824326
312855601
312856057
312856330
312856339
312857040
312857744
312858496
312859990
313765802
312869620
312869826
312871025
312872661
312872943
312874592
312874780
312874908
319064956
325214181
321844339
313461838
316910142
314064783
324600966
324603255
313028190
313028217
313028683
313028765
313028766
313028777
313029082
313029136
313029241
313030644
313031780
313032844
313032993
313033094
313033143
313033234
313033282
313033283
313033385
313033387
313047996
312573499
320735613
321589685
312675826
321595445
327863690
324416383
313422206
313422224
313422338
313422366
313422435
313422750
313422755
313422759
313422761
313422892
313422891
313422894
313422900
313422901
313422903
313422905
313422904
313422927
313422943
313422986
313423265
313423266
313423336
313423621
313424416
313425516
313426435
313427339
313427776
313428233
313428284
322455768
313430239
313430497
313430941
313432163
313432555
313432667
313432678
313432686
313432687
313432682
313432722
313432719
313432731
313432836
313432930
313432939
300818338
313419633
313419634
313419635
313419636
313419637
313419826
313419827
313419832
313419833
313419834
313419835
313421097
313421101
313421105
313421115
313421116
313421121
313421118
313421120
313421250
313421287
313421281
313421284
313421286
313421407
313421429
313421431
313433305
319197830
313436397
313436651
313436881
313437014
313437102
313437995
313438569
313440626
313440705
313441571
313442924
313443322
313443353
313443373
313443415
313443569
313444334
313444407
313444499
313444660
313445200
313445230
313445359
313445936
313447254
313447298
313448880
313448901
313449522
313449525
313450753
313450879
313450972
327863769
313451532
313452077
313452351
313453400
313453409
313453407
313453441
313453533
313453705
313453783
313453838
313453843
313453857
313454186
313454197
313454214
313455190
313455763
313461589
313461788
313461816
313461936
313462004
313462096
313462126
313462272
313462324
313462342
313462343
313462436
313462617
313462638
313462654
312410169
313555411
313555797
313557335
313557847
313558629
313561504
313561644
323825686
313562638
320731112
312688674
313567268
313567267
313567452
313567909
313567964
313568021
313568163
313568221
313840916
313841201
313842325
313842720
313855233
324603935
313863328
313871981
313872643
313872632
313874904
313875286
313875631
313875729
313879341
313879376
313879391
313879499
313879854
313880887
313883417
313884059
313884073
313884227
313884229
313884262
313884356
313884627
313884657
313884654
313884683
313884834
313886336
313886642
313887365
313887734
313888104
313888321
313888546
329292529
320377637
323803223
314170870
314170878
314170879
314170882
314170883
314170897
314172823
314172824
314172826
314172827
314172828
314172880
314172883
314173915
314173910
314173911
314173913
314174017
314174013
314174718
314174720
314175057
314175066
314175124
314175525
314175664
314176170
314184316
314184338
314191913
318730437
323422783
302353039
299546155
314644583
312403305
319006194
323887670
323869119
314643028
300793975
324422143
324421800
319009893
324600717
320145051
300964497
319009786
296160336
327866030
306989094
314646604
314646798
314646795
314646826
314646830
314646831
314646843
314646844
314646847
314646848
314646857
314646854
314646858
314646853
314647168
314647214
314647264
314647291
314647300
314647383
314647604
314647612
314647663
314647689
314647929
314648626
318450903
314630046
314630607
314630700
314632808
314632815
314632935
314632947
314632949
314633052
314633054
314633055
314633101
314633105
314633113
314633115
314633118
314633139
314633142
314633157
314633159
314633161
314633163
314633170
314633173
314633174
314633176
314633287
314633342
314633404
314633568
314633600
314633610
314633856
314633859
314634004
314634142
314634531
314634538
314634542
314634572
314634577
314634578
314634626
314634662
314634668
314634967
314639247
314639377
300811889
307704883
327866303
300520678
308812978
299749155
305469994
305480432
305972942
305973591
305974826
318764236
320736948
299737388
300982781
324602769
313087298
319776334
314952700
314960341
314960342
314960345
314960346
314960407
314960419
314960534
314960596
314960749
314960896
314961076
314962467
313026841
312826796
312826804
312886581
312887582
313446706
314979414
314987265
314988528
314989755
314989771
314990494
314991146
314993446
314994774
314994819
314995749
314996344
314996637
314997813
314997983
315001266
315001276
315001268
315001544
315001656
315001829
315001929
315005782
315007815
320167785
314957268
314957417
314958423
314958426
314958551
314958681
314958781
314958784
314958790
314958818
314959711
314959790
314959806
314959808
314959840
314959842
314959844
314959851
314959856
314959921
314959937
314959938
314959943
314960000
314960114
314960115
314960177
314960181
314960184
314960188
314960232
324604228
315274577
315275482
315279317
315279574
315281798
315282496
315282484
315305108
315305227
315306422
315306642
315306808
315306892
315306986
315307037
315307053
315307075
315307065
315307130
315308267
315308697
307458198
315308813
315309108
315309655
315311030
315311995
315312362
315313409
315314903
315315174
315315348
315315512
315315532
300805971
315315660
315315707
315315867
315316442
315316472
315316593
315316607
315316634
315317337
315317489
315319960
312680176
315300532
315301024
315304330
315304829
315305017
305878914
324604450
322183161
304993963
299539198
312649750
312649819
320166861
312651020
312651992
312652551
312652983
312655080
321598561
312658163
312658186
312658329
312658546
312658806
312658808
312658810
312660559
312662454
312680278
312680697
312680853
312680925
312680932
312680936
312680954
312680956
312680953
312680997
312681177
312666355
312667240
312668296
312668343
312668344
312668346
312668425
312668585
312669671
312669892
312669929
312669928
312670081
312670153
312671061
312671465
312672021
312674851
324602176
320434723
322203440
324603363
324603358
320205172
318732033
319071226
324602987
306270646
319186678
312687365
313084649
313084756
313085048
313085268
313085526
313085583
313085592
313085594
313085595
313100157
313100582
313101091
313101122
313101537
313103654
313103748
313104084
313104091
313104235
313104256
319046057
313104333
313104336
313104478
313104479
313104919
319046049
313106187
313106196
299532819
315884720
306341660
316130797
302375381
313275725
313275968
313276057
313276078
313276130
324603272
231124643
313347807
313347889
313348075
313350449
313350454
313350551
313350631
313350653
313351309
313351501
313351707
313352445
313352554
313352608
313352798
313352792
313352799
313352879
313352887
313352977
313353055
313353056
313353057
313353158
313353216
313353222
313353238
313353277
313353278
313353279
313353286
313353318
313353319
313353390
313353501
319732259
313353715
313354312
313354424
313354643
313354649
313354749
313354773
313355651
313356026
313356080
313356135
313356139
313356131
313356150
313356305
313356301
313356442
313356600
313356648
313356666
313356672
313356676
313356709
313356765
313356793
313356809
313356845
313356921
313357654
313357909
313358177
313358687
313359146
313359443
313359481
313359912
313359990
313360142
313360214
313360888
313361017
313361008
313361215
313363511
313364078
313364076
313364170
313364259
313364256
313365002
313365344
313365368
313365391
313365414
313365532
313365573
313365599
313365608
313365620
313365609
313365615
313365622
313365651
313365678
313365679
313365691
313365699
313365735
313365746
313365749
313365761
313365958
313365965
313366039
313366041
313366269
313366354
313366686
313366744
313366756
313366842
313366890
313366878
313366997
313367019
313367017
313367150
313367320
313367726
313367896
313367966
313367968
313368177
313368197
313368207
313368263
322447655
313368585
313368604
313368642
313368666
313368731
313368754
313369116
313369135
313369171
313371199
313597668
313597927
313603401
313603403
313603494
313603597
313604452
313604468
313604469
313604538
313604545
313604606
313604693
313605011
313605010
313605180
313605280
313605289
313605297
313605390
313605404
313608614
313610777
324603523
319087404
312880947
319732383
313571928
319017271
313588251
313588256
318994486
313591816
316426860
313640736
313640823
313640824
313640980
318727351
320720111
320747591
320747112
322591251
322674636
324345120
324404769
324404771
324404872
324404892
327623382
307468890
313463512
312882431
314011388
314059224
314059483
314059528
314059590
314059656
314059784
314059818
314059936
314059956
314059962
314060103
314060651
314197924
314197999
314198816
314198995
314198997
314199683
314201628
314202000
314202422
314203035
314203492
314203640
314203656
314203875
314203999
314204169
314204607
314204942
314207250
314208647
314209854
314211454
314211476
314211792
314211855
305532742
299738205
299505595
327867135
312680684
324604230
312405749
312405698
324604186
324604137
324604628
324605180
314543346
314543348
314543357
314543363
314543364
314543371
314543372
314543374
314543393
314543394
314543395
314543399
314543400
314543407
314543421
314543432
314543433
314543435
314543436
314543439
314543440
314543442
314543443
314543450
314543451
314543454
314543455
314543456
315307266
327594211
300968390
319158189
324547291
324582584
321841514
313558313
312831782
319037839
321824169
321401483
324564901
317183804
312827390
321825282
313758971
312681276
324541938
324584126
323467630
324556779
324584623
324544596
322161099
321566256
318708765
312587331
312588368
312649188
324575708
312569683
312567780
312570195
312580068
312570203
312573830
312573490
312579805
319086896
324421382
324394873
319045452
314787200
314790625
314792670
314794451
314793579
314793669
314793944
317371411
314746788
314749411
314754895
323803621
315023520
315023880
315024871
315025963
315026063
315028094
315028331
315030687
315030729
315030730
315030868
322662823
305719335
318726276
319089520
313738817
320375213
319038346
315433388
315434233
315434400
315423013
315423122
315423825
315424234
315427878
315451039
315451552
315451738
315451949
315451929
315452056
315452112
315452347
315452384
315452381
315452383
315452557
315452793
315453247
299534995
315455463
315783512
315786673
315786816
315787142
315787248
315787324
315787331
315787379
315787389
315787417
315787418
315787444
315787513
315797391
324604643
300929435
315825296
315825829
315826228
315826219
315826536
315826747
315826957
315826952
315827091
315827186
315827467
315827813
315828070
315828826
315842355
315842515
315843133
315843159
315843287
315843290
315843292
315843354
315843356
315843386
315843389
303955857
315616932
315622431
315622426
315622509
315622487
315622614
315623447
316140963
316141181
316141588
316141918
316142635
316146877
316147707
316150473
316155405
316156865
316156929
316157141
313766498
300361234
312831796
321401689
323416502
324565652
308485380
323419232
323415441
316369505
327629050
316474152
316463681
316467950
316469819
316469886
316471148
316370731
316370810
316371113
316371216
316371392
316373829
316376560
319085443
316381551
316381560
316826269
316829654
316830945
316833203
316834311
316834330
316834371
316834559
316834624
316834592
316834668
316834849
316834881
316834886
316834884
316835003
316886075
316886371
316886916
316887299
316887471
316888097
316888806
316889537
316889626
316889644
316889654
316889676
316889683
316889721
316889842
316889900
316889992
316889995
316891195
316892705
316892712
316892860
316892875
316892892
316892890
316892893
316893000
316893268
316893269
316893403
316893413
316893448
316894282
316894467
316895901
316896509
316896511
316897217
316899169
316901072
316901178
316901283
316901719
316902405
316902457
316902494
316902490
316902729
316902727
316902813
316902814
316902816
316902817
300494667
316903400
316903401
316865567
316865863
316866304
316866998
316867410
316870285
316870492
316870532
316871867
316871860
316872113
316872115
316872248
316872767
316872961
316873081
316875008
316876136
316877321
316877453
316877877
316904205
316904206
316878979
316879587
316879775
316879779
316879803
316880020
316880628
316880697
316880698
316880710
316880713
316880703
316880951
316880959
316881213
316881214
316881617
316881639
316881641
316881645
316881852
316881877
316881879
316882210
316882402
316882758
316883281
316883301
316903678
316883719
316884145
313463232
313463318
313463648
313463751
313463775
313463776
313463867
313464005
313464331
313464395
313465974
313466531
313466621
313466627
313469585
313730138
313733120
324413714
313738826
313739004
313739565
313740866
313694408
313694864
313695173
313695197
313695283
313695561
300520846
313765714
313765751
313766519
313766866
313767798
313768148
313768236
313768321
313768410
313768470
313768759
313768827
313768843
313768842
313768870
313769040
313769049
313769173
313769322
313769565
313769798
313771240
313742139
313742149
313743875
313745995
313746847
313746849
313747002
313747059
313749977
313751977
313752323
313752499
313752507
313752528
313752868
313753274
313845820
313754936
313755003
313755201
313755870
313757194
313757280
313758901
313759308
313759355
313759802
313759831
313760382
313760727
313760823
313762988
313763113
313763406
313764752
313764833
313764906
314060848
314060849
314060852
314061153
314061182
314062715
314062782
314062844
314062885
314063172
314021463
314021468
314021715
314024247
314024272
314025856
314026242
314026661
314027991
314031003
314031886
314032633
319535605
323886851
314040880
314041481
314043351
314043797
314044263
314044372
314044494
314044547
314044677
314044678
314044688
314044709
314044724
314044740
314044746
314044755
314044757
314044760
314044851
314044922
314051380
314051422
314052206
314052707
314052950
314053268
314053382
314053801
314063925
314056713
314056910
314057679
314058189
314067644
324603257
292049063
314065487
314065616
314065673
314065679
314066034
314066060
314066058
314066089
314066122
314066246
314557361
314557360
314557557
314557559
320449406
313356483
300801339
324604455
324604554
322165933
312596057
312588060
312597751
312598707
312597743
312567776
312570083
324604188
314614393
327830831
324603393
314633112
314643539
300982744
314795341
314796560
314799481
314799653
314799689
314799738
314800827
314801623
314801859
314802269
314808294
314808603
314808744
314814621
314815477
314819923
314820122
314820341
314820342
314823929
307704662
322207741
322700074
314793671
321404660
318011629
321785992
315148607
315149423
319755078
306364952
306364697
299494362
319085887
315446119
315447336
315447443
315447446
315447463
315447454
315447520
315447550
315447568
315447563
315447565
315447715
315447742
315447863
315448438
315448531
315449340
315449402
315449487
315449493
315449639
315450023
315504247
315504248
315504526
315504587
315504632
315505321
315520071
315523852
315526143
315484325
315484329
312456622
318726600
315891825
315907768
316030876
316032473
316033321
316033656
316033690
316033739
316033989
316034205
316034209
316034216
316034223
316034254
316034240
316034387
316034870
316035072
316035074
316035092
316035095
316035164
316035168
316035169
316035217
316036848
316038731
316038772
316038855
316038871
316038906
316039229
316039805
316040102
316049680
316049683
316049686
316049689
316049692
316049693
316049731
316049767
316049768
316049770
316053269
316053620
316054187
316054224
316054321
316054378
316054430
316054766
316056786
316056787
316056937
316056939
316056942
316056945
316056938
316057209
316057896
316058340
316058967
316060721
316140073
316063252
316063592
316071544
316075174
316075610
316076435
316079915
316087570
316088961
316089208
316089204
316089324
316089453
316089904
316089917
316089916
316098051
316104628
316114758
316115083
316116503
316116546
316116576
316117033
316117031
316117051
316117039
316117693
316117684
316118143
316127241
316127340
316127432
316127781
316128582
316128621
316128807
316129594
316129660
316129873
316129899
316130722
316130732
316130790
316130791
316130799
316130915
316130978
316130986
316130997
316131049
316131050
316131372
316131706
316140120
316140033
316136320
316139362
316671519
316671535
316671797
316671816
316671830
316671855
316671861
316671880
316671920
316671992
324582853
316571308
316571326
316571398
316571475
316571507
316571534
316571551
316571556
316571561
316572509
316572552
316572575
316572592
316574138
316578975
316578984
316579184
316581358
316581923
316584294
316586588
316586845
316588057
316588175
316588177
316588201
316588208
316588490
316588492
316588970
316589271
316589717
316589754
316589805
316589973
316590022
316590029
316590032
316590035
316590037
316590108
316590103
316590124
316590138
316590127
316590139
316590222
316590232
316592508
316592822
316592840
316592997
316593061
316593119
316593152
316593156
316593229
316593307
316593352
316593447
316594289
316594444
316594549
316594489
316594678
316594677
316594735
316594758
316594819
316594852
316595017
316595393
316595449
316596808
316596848
316596877
316596878
316596984
319086624
316686275
316686465
312895292
313100335
316804275
316804276
316804321
316804323
316804334
316804338
316804340
316804366
316804602
316804619
316804658
316804713
316804742
316804761
316806394
316817697
316820458
316821752
317329374
317329417
317348186
317348231
317348356
317364130
317367430
317367519
317368071
317369691
317370593
317371108
317371118
317371148
317371319
317371322
317371380
317371394
317371572
317371904
317373072
317373300
317373450
317374248
317374514
317374607
316884786
322450436
317562438
317565404
317565432
317565474
317565527
317565651
317565657
317566259
317568151
317573752
317574399
317575175
317603455
317603559
317603776
317605380
317606355
317606357
317606370
317606446
317606467
317606523
322460234
317618019
317620207
317620957
317627677
317629436
317629450
317629662
317629686
317629939
317630245
317630346
317630438
317630697
317630761
317631455
317631899
317632407
317632411
317632481
317632491
317569748
300978109
317805335
317805394
317805518
317805773
317811323
317812562
317814157
317815388
317815512
313759904
317826765
317827544
317827561
317827775
317828090
317828097
317831093
317831617
317831994
317832042
317832294
317833166
317833920
317833936
317833940
317834036
317834047
317834094
317834160
317834344
317834417
317834452
317834648
317834785
317836126
317836166
317836481
317836774
317836784
317837426
317837878
317838063
317838092
317838094
317838095
317838113
317838155
317838158
317838183
317838213
317838194
317838198
317838217
317838262
317838259
317838277
317838284
317838287
317838501
317838453
317838667
317838664
317838819
317838830
317838832
317838837
317838929
317838940
317838921
317838938
317838943
317838951
317838988
317839079
317839169
317839239
317839262
317839843
317840116
317840065
317840355
317840431
317840437
317840441
317840458
317840460
317840461
317840466
317840471
317840473
317840583
317840602
317840620
313267329
312400991
315860459
319071555
317924072
317926329
317926508
317928708
317929115
318735228
318735395
318735682
318736523
318736569
318736621
318736637
318736718
318736758
318736776
318736797
318709444
321409924
318764135
318764136
318764141
318764173
318764177
318764180
318764182
318764206
318764240
318764245
318764247
318764248
318764253
318764297
318764912
318764922
318764925
318764928
318764931
318764934
318764935
318813727
318813741
267042159
312589834
322442746
318767865
318768056
318768170
318768944
318769673
318769674
318770249
318772583
318772584
318772587
318772596
318772597
318772602
318772603
318772609
318772611
318772613
318772631
318772632
318772634
318772638
318773948
317121778
318778779
319044018
318782560
318783702
318784373
318786645
318786717
318786718
318786742
318786757
318786758
318786767
318793649
318794120
318796978
318796999
318797003
318797037
318797264
318798418
318799275
318799291
318799307
318799313
318799421
318799443
318799469
318799489
318800560
318800691
318800956
318802110
318803563
318810338
318810437
318810440
318810441
318810460
318810901
318811650
318811839
318811835
318811836
318811838
318811864
318811901
318811908
318812029
318812032
318812034
318812040
318812047
318812074
318812079
318812083
318812084
318812107
318812111
318812112
318812122
318812126
318812242
318812408
319297202
315845672
315845696
315845723
315845866
315846682
315850248
315851588
315852830
315852868
315852869
315853664
315853766
315854069
315854603
315854719
315854759
315856040
315856179
315856183
315860369
315860456
315860666
315860708
315860709
315860721
315860764
315863104
315863100
315864028
315874901
315875159
315875520
315875521
315875605
315875685
315876262
315877636
315879387
315879878
315885398
315886013
315886041
315886242
315806311
315806808
315807054
315808001
315809827
315809872
315809936
315810163
315810708
315811125
315811314
315811421
315812087
315817035
315818490
315818493
315820541
315820561
315820575
315820578
315820802
315820805
315820807
315820811
315820812
315820963
315820959
315821146
315821567
315821767
315822029
315823137
324604565
315824008
315824801
315910726
316382859
316383914
316384181
316384237
316384296
316384258
316384513
316384759
316385682
324595989
316428259
316429472
316429494
316430194
316430268
316431047
316432233
326896094
323835717
323835644
316478486
316479084
316481471
316481544
316481564
316482178
316489035
316489041
316489079
316489197
316489246
316489324
316489419
316489511
316490715
316491955
316492702
316493168
316493446
316493638
316494912
316495053
316495259
316496393
316496606
316496793
316497535
316497884
316498123
316498210
316498377
316499949
316500541
316500798
316500849
316500903
316500901
316501313
316501467
316501585
316501684
316501698
316501876
316501922
316502822
316503926
316503978
316504183
316504173
316504428
316504896
316505113
316505115
316507045
321845830
316512401
316512391
316638166
316686987
316686988
316664105
316665750
316665958
316665976
316665995
316666035
316666046
316666085
316666096
316666367
316666791
316667147
316687290
316687322
316671070
316671259
316904208
316904207
316904329
316904371
316904387
316904752
316904760
316905490
316910853
316910977
316910973
316911312
316912144
316912298
316912300
317128576
317128870
317130523
317151763
317153449
317159182
317159544
317159553
317159674
317159716
317159871
317159885
317170011
317177655
317184095
317184643
317186047
317187340
317188477
305876060
317892311
317892353
317892391
317892395
317892396
317892390
317892414
317892418
317892427
317892426
317892434
317892503
317892510
317892517
317892515
317892912
317893033
317893037
317893041
317893064
317893070
317893082
317893083
317893125
323460538
299466460
318218414
318218457
318218829
318222345
322433216
318244058
318256639
318295279
318295412
318295413
318295440
318296516
318296853
318296857
318297655
318298141
318298782
318299780
318300159
318300663
318300879
318316983
318021837
327453439
318043274
318043986
318047796
318048133
318051335
318051658
318052188
318076718
318083578
318084107
318431336
318431388
318431485
315307074
318439912
318439953
318440941
318441679
318443921
318444045
318444399
318444875
318444904
318448222
318450720
318452837
318453992
318455745
318957012
318960127
318960183
318960493
322442747
318988157
318977085
318977191
313450748
318942587
318956966
319063760
319065155
319065265
319065350
319065417
319065448
319065569
319065593
319065607
319065618
319065708
319065653
319065645
319065695
319065798
319066164
319066288
319066312
319066443
319066430
319066451
319066455
319066501
319066545
319066584
319066882
319067657
319067686
319067789
319068107
319068293
319068690
319068703
319068813
319068828
319068876
319068839
319069244
319069379
319069872
319070041
319070271
319070345
319070374
319070487
319070494
319070540
319070528
319070636
319070741
319070732
319070761
319070808
319070881
319070872
319070990
319070969
319071086
319071141
319071112
319071119
319071153
319071270
319071253
319071258
319071262
319071438
319071457
319071499
319071489
319071467
319072039
319084681
319084738
319084892
319084908
319084939
319085057
319085085
319085134
319085095
319085120
319085135
319085152
319085163
319085171
319085224
319085231
319085255
319085280
319085293
319085326
319085387
319085396
319085399
319085416
319085455
319085459
319085475
319085479
319085527
319085555
319085567
319085595
319085650
319085614
319085621
319085693
319085734
319085738
319085759
319085801
319085808
319085863
319085875
319085889
319086000
319086023
319086039
319086203
319086196
319086209
319086192
319086232
319086247
319086504
319086508
319086587
319086598
319086601
319086611
319086723
319086755
319087179
319087226
319087232
319087435
319087443
319087444
319087510
319087513
319087564
319087606
319087586
319087597
319087603
319087680
319087685
319087688
319087689
319087696
319087885
319087955
319087956
319088070
319088113
319088124
319088127
319088128
319088182
319088168
319088230
319088282
319088292
319088352
319088475
319088481
319088488
319088492
319088504
319088499
319088497
319088514
319088534
319088545
319088556
319088570
319088595
319088625
319088649
319088741
319088806
319088847
319088855
319088898
319088919
319088930
319089003
319088995
319088993
319089001
319089028
319089027
319089033
319089049
319089057
319089074
319089082
319089083
319089085
319089102
319089123
319089126
319089171
319089181
319089191
319089193
319089206
319089216
319089223
319089243
319089256
319089266
319297462
319297625
319297755
319297825
319297880
319299421
319302516
319305944
322183939
305879882
323803253
317375491
317375507
317375602
317375689
317375863
317375889
317375891
317375924
317375900
317376097
317376130
317376144
317376185
317376409
317376391
317376802
317376828
317377042
317377437
317377503
317377787
317378148
317379414
317379542
317379601
317379609
317379641
317379648
317379651
317379860
317379918
317380046
317380910
317381141
317382240
317383451
319069098
317528343
317536731
317537176
317537282
317537382
317537386
317537602
317537664
317538115
317538425
317540508
317540936
317541265
317542466
317543256
317543532
299295846
327866599
327866563
318411253
318546659
318546660
318546663
318546664
318548032
318548041
318550052
318550530
318550867
318552063
327864899
318571577
318571966
318571971
318572181
318572255
318573087
327865103
318586113
318587725
318587833
299549760
312895290
321395719
327864411
327864840
327864931
318707524
318707766
318707975
318708028
318708514
318708753
318708714
318708774
318708772
318708816
318708943
318709760
318709705
318709737
318710261
318712436
318716432
318716430
318720493
318720614
318720808
318721088
318724204
318724209
318724226
318724243
318724481
318724515
318724534
318724793
267024493
318725790
318725933
318726033
318726083
318726082
318726093
318726094
318726096
318726177
318726185
318726226
318726269
318726514
318726930
318727267
318727352
318727370
318727378
318727448
318727454
318727453
318727474
318727554
318727560
318727594
318727609
318727631
318727666
318727893
318727907
318728024
318728207
318728398
318728410
318728704
318729071
318729240
318729961
318730009
318730196
318730216
318730383
318730386
318730423
318730430
318730553
318730560
318730572
318730576
318730575
318730672
318730714
318730770
318730805
318730821
318730896
318731063
318731077
318731091
318731126
318731158
318731402
318731916
318731992
318732026
318732006
318732064
318732094
318732714
318732912
318733083
318733246
318733665
318734049
318734545
316833056
318993259
318993892
318993891
318993901
318994120
318994137
318994510
318994526
318994539
318994582
318994682
318994754
318994995
318997411
318999594
319002236
319006180
319006384
319006385
319007415
319007707
319007921
319007927
319007925
319007957
319007933
319007932
319007938
319007960
319008058
319008084
319008087
319008279
319008301
319008303
319008652
319009546
319009715
319009794
319009951
319009946
319010022
319010102
319010105
319010109
319010609
319010633
319011096
319011210
319012074
319012348
319012355
319012375
319012383
319012384
319013232
319013935
319014071
319014082
319015373
319015374
319015704
319015712
319015769
319016155
319016591
319016906
319017256
319017813
319018053
319018074
319018070
319018096
319018099
319018117
319018154
319018158
319018160
319018168
319018169
319018570
319018609
319018669
319018671
319018688
319018702
319018703
319031982
319032861
319033373
319033382
319033664
319033670
319033747
319033791
319034508
319034543
319034554
319034884
319035249
319035367
319035564
319035893
319036664
319036721
319036755
319036760
319036785
319036845
319036856
319036866
319037166
319037197
319037407
319037472
319037840
319038700
319039090
319039851
319040594
319040821
319040901
319040902
319040971
319041106
319041108
319041144
319041154
319041509
319041514
319041757
319041760
319041785
319041788
319041795
319041820
319042243
319042591
319042807
319042813
319042846
319042858
319042867
319042876
319042964
319043030
319043077
319043105
319043109
319043128
319043234
319043399
319043403
319043485
319043505
319043515
319043707
319043791
319043912
319044066
319044059
319044082
319044099
319044117
319044281
319044289
319044325
319044328
319044340
319044337
319044382
319044404
319044440
319044467
319044582
319044563
319044571
319044596
319044609
319044621
319045318
319045320
319045434
319045902
319045886
319045993
319046031
319046111
319046139
319046124
319046183
319046178
319046190
319046206
319046234
319046214
319046239
319046247
319046248
319046259
319046264
319046383
319046339
319046418
319046429
319046434
319046463
319046482
319046506
319046512
319046535
319046573
319046581
319046604
319046614
319046608
319046615
319046619
319046688
319048388
319048422
319048439
319048508
319048522
319049419
319049484
319156494
319156568
319156816
319156839
319157170
319157241
319157259
319157277
319157307
319157336
319157330
319157345
319157366
319157379
319157499
319157536
319157537
319157606
319157843
319157844
319157986
319157920
319157963
319157997
319158052
319158005
319158044
319158219
319158309
319158372
319158389
319158426
319158445
319158428
319158435
319158438
319158462
319158502
319158505
319158597
319158675
319158678
319158718
319158855
319158891
319158928
319158958
319159126
319159151
319159194
319159182
319159343
319159391
319159413
319159411
319159446
319159478
319159481
319159536
319159544
319159552
319159580
319159643
319159637
319159651
319159703
319159751
319159764
319159792
319159787
319159798
319162662
319163395
319163438
319163461
319163474
319163522
319164014
319164907
319165957
319165958
319166188
319167172
319169673
319169821
319171790
319172611
319173213
319173214
319173220
319173228
319173247
319173248
319173259
319173272
319408953
319409550
319412381
319414487
327866134
320735608
312853739
312856158
299757104
319391012
319391362
319392426
319402298
319404078
319404599
319406365
312483718
321400652
319044090
327577238
322428316
322427602
324566476
316151296
321224905
327569535
321560431
316882214
319545505
312887456
324406785
323467403
323467407
319186676
320417763
321392157
313033409
313033423
316493430
318708828
322200931
322202200
325213743
322150677
326925068
326931082
299295939
320138852
324600181
324416718
305883648
321590527
322198671
323461088
323467471
321397822
320734813
320735138
314634584
320734698
312687367
323460983
319557970
312284126
314647897
318723576
312687363
312687515
320734949
320734847
324605356
321594766
319066069
315279927
322459393
321396585
319755009
313641035
319186980
312895898
321586501
321595767
318994708
313083883
315526413
327866637
299275589
321544780
326020689
323825290
313084566
323825191
313104082
327864763
318723839
324605367
319086763
327966780
300820461
320697864
322121296
325214934
313468877
304151999
304543269
300471502
321824668
91775347
319763410
319557955
319177883
320698624
325458374
318730558
312400965
300329775
325442002
315317843
319045442
319070507
314177266
313878144
327862938
327864072
324605974
327866784
312508615
321319783
300485092
322447887
323466263
313027172
327863303
327866970
305725479
315007973
315001662
319085463
319086834
293078888
320177756
319070013
319158283
320743565
313093381
319046115
319065466
321257338
322668680
307444810
307695552
299294821
306372620
304120887
307695469
307947477
307947837
307947965
321357775
305876260
305876415
307695455
321395464
327864215
327864378
305967937
313557899
326814732
309143421
305970484
305688966
307167737
307167985
307168003
305970378
299294908
299294912
313561517
313567841
313567913
313567942
313568011
313568181
313568218
313575619
313577722
313578470
313578654
313578773
307885115
312887157
321401482
326815433
327867331
322665809
324607878
324608050
293244748
323801534
323825953
321586212
324607267
324607822
324607723
327867594
324608224
324608233
314065617
319767502
319173285
324607635
305529006
310381221
324586544
319187080
313731921
327867647
327867617
318736720
327867936
311947478
314207681
313579241
319174000
322604457
322453163
323887642
324600235
306322242
318726321
318726736
318727273
299546406
312687988
299545708
299546115
306366635
308783674
310389934
318726515
305234810
306318324
310390348
299539481
299545557
302311828
303072601
304993955
306319877
306367394
311990539
299539397
299539508
302351250
305233553
306342806
306343191
306343246
308783217
311990379
306323868
306324528
306325010
306342376
306343313
306343430
306365686
299535804
306326988
299549859
324565612
318726227
299546003
307458211
305234963
306811300
305235320
306325697
308784103
307472092
318726296
299291881
323459903
324608221
324608052
319543801
312456679
312456678
312456452
313085532
322448724
315874329
300330540
319213017
320688482
294685590
327868261
327868147
327634035
321598609
300878856
327969201
306839628
321595827
319088544
319766075
300878973
319043353
320433878
306816270
304160586
321666157
316140037
300308988
318732022
322204316
310140328
327562520
324608673
324608480
324608571
324426811
317130774
316595709
321591343
324600441
324608676
324608485
324608491
324608675
324608484
313842353
324608722
324608690
324608691
324608955
324608729
324609082
324608740
324608738
324605482
324608687
324609508
319408918
319070806
324413093
324425596
324413574
322143463
324425239
322673399
322704257
322185891
322687999
322669979
322670701
322668150
319071197
324547081
319181598
322447004
324415178
324547036
324547118
324416110
322668640
322668671
322668094
322190367
322188315
322667854
322678196
322191591
322667704
322603541
319065596
319071126
322186314
322668687
322604390
322604374
322603683
322603673
322603688
322668246
319182775
319069136
319183033
324426073
318730218
324426473
320174345
318308440
319068727
322593527
318731915
324424889
323464281
319069112
324603879
324608689
324596376
324599651
324600990
324601554
319186729
324596951
324600995
322595946
322593533
322593988
324604079
324420396
324420749
319157298
319186657
322150552
319085654
322147087
319044532
319069009
319186891
319070847
321598391
322147068
324547268
324547127
319085151
322143717
300485418
319065181
319039510
319069919
325214031
319046504
319070731
324604558
324605366
319069347
319069368
319069338
319069331
319069373
324601403
324599119
325214056
324605263
325223758
324605120
324592954
319069252
319085367
319043964
319066606
324599123
319157389
324547274
324605322
322593545
324608495
324605371
325214157
324593388
324608734
319157505
324608897
322121186
322459400
319069890
319085603
324604992
324598672
322153761
322145622
325214340
322158457
324608683
324598273
324597510
324594021
324608503
324593739
324593438
324600585
322181700
322157790
322157604
322448797
319089120
319157448
324604647
320396395
322459118
322146388
324604232
322398023
322125718
319069551
319069312
319069594
322459177
324564298
317814930
324555422
324551401
320174168
322459765
319085639
319048387
318731350
319071536
319085664
324600865
324600932
319070023
321850683
322121432
320383762
319084938
298988172
322663462
323836825
319186512
299294402
299294417
299294505
299294506
299295064
325552493
325623538
325634946
325652182
313679193
299684950
299685080
299685098
299685299
299686324
299686327
299686624
299692586
319187636
319748293
318786469
307148647
325598883
325553804
313695176
322459725
300333865
327615546
300300133
300306147
300309187
320130390
316500967
319085268
327635808
300640250
319040911
300655369
320434100
319088647
300914087
300915728
300750706
312273622
313085222
300927872
313094932
313842321
300964388
300966737
300979219
314814935
300989283
327635191
325629245
302349629
312668558
300966192
320434918
318292058
310151504
319557999
322593869
305879342
327863703
309326941
322659608
321594488
302241064
321553025
319070878
325224218
325611687
132590739
303057258
303067309
303067611
303068403
303072881
303073623
315525822
305719735
303486603
303495733
303495731
303496305
303549751
303554437
303555008
313084564
325703417
304120900
304123594
304124068
304128434
304128700
304131297
304132674
316498216
304149692
304150698
304151981
304152757
304153986
304154674
304154838
304155478
304158040
304158055
304158713
304158929
304160315
318064368
304513503
313743871
304518057
304520760
312650893
314646277
321396065
321799885
314060622
313453472
304992131
304992197
304992456
304992592
304993491
325737530
305015205
305015319
305021092
305193688
299757790
325708541
319557973
306046299
319173267
319173270
319173271
319173283
319173817
319175550
319177462
319178700
319181024
319181633
319182784
319184032
319185325
319186097
319186148
319186195
319186218
319186220
319186229
319186278
319186288
319186292
319186315
319186336
319186342
319186350
319186373
319186409
319186475
319186546
319186558
319186579
319186667
319186691
319186766
319186794
319186775
319186827
319186854
319186867
319186880
319186913
319186908
319186942
319186995
319187020
319187027
319187101
319187117
319187133
319187138
319187164
319187195
319187173
319187226
319187417
319187465
319187625
319187728
319213368
321396071
324426780
313453846
312493525
322596155
300818244
320744224
313099573
315619154
315447396
321792163
327961755
327961937
313088083
313282948
327864397
307007744
327864184
318718799
327864087
321792005
318736773
307013808
307013227
307014305
324547029
319068728
322461170
322461174
322461401
322461247
300805970
300836485
300806042
300836317
300805982
300836322
327866614
307948615
321851282
307980335
308101292
310576148
319009903
312401216
318726846
319034576
327866569
325386056
315452351
314060811
319186256
320743955
320744323
319733582
316592558
324590714
316500929
319088577
300520980
326814490
327578897
313095856
322444253
306077028
312402051
299762499
313732060
319088494
300834084
318708746
327866950
327866995
319044557
327616003
324605571
324606301
324605402
324605468
324605483
324607172
324607362
321787443
319764451
324605833
321245566
325450588
325478339
318977237
321690873
324546978
319760682
322181746
316379867
315447452
319165272
319167495
319169045
319070522
319065475
319085491
322389016
292829562
319038287
293083131
327597355
318726121
312407065
312497837
312658818
308486363
303528562
318960182
315887933
302340114
319089848
319012314
327604596
320743792
324606942
322452265
324606772
322582706
322587221
293232338
309554049
321821852
327867476
327867579
322699659
318709093
323414268
322698855
322700077
318769802
303955636
324607921
312581079
318769783
315307125
299539914
327867591
320178377
327867601
310582398
312510597
305876248
313099689
324607383
324607938
320348571
320423996
316118157
319068726
324608435
324607685
324608434
293591312
322190847
327867798
324607462
324608288
324608481
324607415
319045412
327867733
324608573
324608681
318786585
308486366
308783571
302314056
302336315
299546226
299540433
306343031
299546011
299540638
299538738
314197724
318729186
318810342
313891643
312504084
319408951
323805733
299516097
319745739
315317120
327582493
313888326
324608127
327868115
327868152
327868248
324417849
327868260
327868263
327868354
323462472
322446120
312401129
323461908
313763567
323467237
323460743
324608265
324608433
314202948
320145953
325396976
312399248
321405163
319084986
319043111
320155482
321595781
322659598
324608474
324608473
319045356
308101147
320195822
299532822
300475348
321560475
319382721
300329781
323467628
323467620
321815838
327863486
320715797
319008661
318779814
327863849
327623207
323462988
322659604
319070757
300806312
314059935
322665496
299274263
299512261
299524731
299524822
299529152
299545560
319043284
316874281
314184699
324589204
318295861
320719639
312673274
327642056
325553772
322593152
318725730
300470926
300471484
300472994
300478137
300478511
300478914
299294151
300485251
300485351
300485599
300488884
300493477
300493976
300493974
300494134
300509209
300521542
300522123
300524494
300526714
320177849
318736744
300788443
300805553
300805718
300806153
300806163
300806333
300812595
323432930
323467389
300818104
300818194
300818207
300818488
300818555
300818596
300821723
327426161
300829191
300829284
300829622
300835675
300836270
325617571
320428226
321586947
300857080
300857078
300857116
300857191
300857255
300857256
327631570
300870441
300870795
300878683
300878716
324405808
318727204
319067200
321297221
313842324
318793698
315864242
315455406
324592139
317603733
321833356
318717096
323467367
316504168
319159265
299294917
299294923
299294951
299294967
299539680
312839771
299755353
300665515
300963608
305968159
312676462
313454162
313454187
313454205
313461899
313767433
314207234
314560068
315447501
315751457
318726180
318726181
318726215
319765676
318726287
318726294
318732546
318801909
318801929
319087968
319158740
319745827
319747714
320401510
320716045
321371916
321372099
321372302
321372308
321598152
321598221
321839793
322183204
322183366
322662688
322663755
322663991
322664685
323875705
323875762
324591805
327860207
302379485
305282343
302384439
302384506
302384631
302384645
302384647
302384660
302385395
302387806
300829967
313089722
311967163
132587697
303021118
303021736
303021964
314208578
303042786
303050826
303051548
303052048
303052106
303052227
303052410
303052638
303052757
303052766
303052806
303056099
320738725
327866737
327863224
327863228
327864108
327863227
305877445
303505622
325644686
303518511
303522182
303523417
303530323
318731419
323467283
313267055
303984853
320743953
319010500
325702361
314787477
327425624
315453157
319071935
319088689
324386846
317379878
313747006
312456456
319038685
316692375
305458598
305469991
305470061
325731594
305645164
305645165
306046353
306066750
319089297
319089373
319089430
319090227
316833048
321358274
312494298
319071336
321852174
319065747
322593829
327646498
316873501
322455739
319009955
322199264
320729690
319086506
319178078
319046516
320731186
320731486
320731493
320731936
320731984
320732378
320732546
320733036
320733374
320733548
320733641
320734265
320734330
323802106
323335451
323372885
323417797
323417990
323802173
323805155
319044276
324603118
324603355
326529457
327565650
323398998
324600864
324601014
313096288
313099390
313264921
313275323
313275688
313275713
324600934
324600986
324601388
324601617
319046065
324603263
318995662
292323724
292323814
319085684
319032534
307168134
299734107
320727333
313885588
316129889
310010541
319777405
320719122
313758574
314793476
321834804
300977724
316665591
309378505
313092816
306840335
324583107
323419242
312826963
321401479
324552717
324548064
321825626
312907389
324585619
322146153
324565590
321825073
316886465
319159475
322146931
323467230
318805033
324605335
324605400
324605406
324605382
324605408
320149456
319163126
319045334
324415309
318802400
312880605
322669938
327251315
325338854
319173209
322438959
299565926
299565937
319735167
321597572
316596758
312510274
324605376
324605410
324607231
319007934
327866647
327411073
324605413
324605486
324605498
322626874
321376971
324605401
324605389
319046554
316502920
319046539
309372681
318811897
321405639
321693200
324605484
324422227
307159846
326867435
321843640
327866739
312680181
320192172
312406557
321393199
312407286
312406563
312406907
312406536
312406968
327866838
324606262
324606935
324606972
327866872
327866907
319557886
327846457
316889643
320737014
324419454
319728696
319088843
312501977
319044573
322586507
314207156
324608446
324608063
324608057
324608090
324608076
324608062
318736570
322448524
319044474
300835731
299545764
317175434
321665865
319157501
319066427
300821192
300821376
305282312
313887722
320175630
319751448
319159506
319760716
319750842
321690884
320388412
320375878
320417652
319748341
321690871
319087167
323868900
327867878
312895469
300345611
325544994
327867824
319042884
327867728
324608477
324608478
324607630
327562347
324608094
324370521
310626171
313441573
327863377
322134914
327868117
327867923
317838935
319046011
319086025
319089172
319186242
320323624
324594759
319543695
316504227
324608289
324608215
324608674
324608149
324608125
324608226
314201133
327867922
327450383
324608464
319748374
327867957
327868113
327868333
320175676
309163216
319088802
320744011
320145596
320166505
324608227
299292135
322436057
327016573
321849806
307900343
326445544
320744345
324413447
325552161
325546162
322670291
327862187
300330455
313605288
305973312
323464611
313737632
326628739
315307052
319066053
322461529
319044019
319085146
319045456
320152094
324587110
269213453
316089753
322447225
332044327
327846454
315024758
324600967
327863687
322586538
327863300
324608504
324608737
325552866
322437213
297625707
320388450
320389447
298359728
322196289
300829914
313516305
321399609
318444969
318977246
324588501
318808451
299748471
299749183
299749306
299749350
299749609
299761027
299761502
324608984
324588725
312405695
320719712
321401908
322447902
323803009
322404676
323801948
300344054
300344085
300344193
300344228
300344312
300344328
300344398
300344436
300344467
300344501
300344504
300344509
300344543
300345547
300359528
300359751
300359904
300365027
325554198
300469281
300716523
300752732
300772976
323826711
316597005
319533806
314814375
321589436
322632858
316686370
325606402
325640443
323815494
327422145
316129289
302294643
302298369
302301791
302308482
302310895
302310950
302323394
302328189
302331183
302353115
302363985
302364118
302364121
302364136
302368672
302372241
302374627
302374647
319558014
325696707
325689921
315811274
300987604
322388973
328573116
302944894
325220185
312826751
309372086
325218059
319087754
325682886
303882138
303887877
303887874
303888459
303896460
303897104
303909669
303940360
303940459
303947848
303951170
303953564
303953615
303954376
303954374
305725312
304548084
316500613
324594525
314644096
305882404
304913229
304931432
314174014
304939017
304940446
304945428
304945429
304962558
305246506
305246508
305246590
305246761
305246771
305246777
305246925
305247158
305261655
305261669
305261783
305262044
305263070
305273021
305275534
305275629
305275657
305280916
305284925
305291434
305304536
305305649
305305692
325721812
305481671
305487748
305489540
305503908
305514167
305526041
305530682
305532339
305532743
305533689
305542438
305542478
305542763
305547296
305549912
305708621
305709443
305709764
305709765
305709800
305709876
305712251
305712871
305715270
305716077
305716308
305716759
305716815
305717434
305717495
305717898
305717955
305718014
305718448
305718461
305718536
305718549
305718643
305718730
305718750
305718972
305719449
305719680
305720309
305721876
305723147
305723391
305723915
305724826
305724840
305724835
305725902
305726336
305727600
305735379
305966460
305967574
305968095
305968170
305968972
305969288
305969682
305970323
305970462
305970472
305970837
305970869
305970880
305971016
305971273
305971330
306067040
306071145
306073138
306074076
306075492
306076307
306076734
306079152
306079166
306097114
306097903
306105127
306105135
306106072
306281245
306291693
321786147
306271292
133030400
133030967
307006667
319084421
307139204
307140481
307148487
307148500
307148509
307148607
307148861
307148937
307150819
307155468
307159800
307163675
307164599
307164733
307164844
307164859
307164863
307165300
307165297
307167775
307168176
307408259
307408290
307414645
307678290
327993594
307704911
307715417
307716537
307719791
307885241
307886047
308128985
313269479
313272529
313275714
313270121
313267730
313267895
312493580
308285130
308285369
322203320
313279924
313283740
313345639
313286336
308445776
308447820
308453045
308459143
308794825
308796953
309033381
322199253
309528791
309539940
309540034
309543021
309549313
309553617
309554577
309554925
309556915
309557321
309557649
309559018
299757352
328003267
328003342
328003800
328003874
328003777
313462619
313463826
310014264
310015099
310015166
310015184
313276131
310393489
310393587
310393636
310394227
310394511
310394646
310394659
310394681
310394693
310395080
310395103
310395121
310395130
310395131
310395141
310395439
313351789
328005262
328005383
328005393
328005399
328005450
328005481
328005544
328005556
310379650
310380494
310381297
310381474
310382055
310382971
310383049
310383225
310383613
310383779
310384061
310384102
310384121
310384109
310384119
310384128
310384150
310384265
310384328
310384332
310384375
310384540
310384894
310385041
310385934
310386769
310386812
313351710
310387206
310387246
310387265
310387767
310388497
310388616
310388768
310389074
310389995
310390787
310391216
327934070
327947779
310392708
328005434
313353738
313359770
313353309
310607078
310607123
310607784
310608597
310608612
313353787
313353505
310611471
310627105
310631211
310634295
313354027
313354031
313354544
313355081
313353914
313355080
313354072
313356219
313356918
313353570
304543270
313358002
313358118
313358751
313357574
313357407
313359486
313360140
313359872
328006459
313360441
313360224
313359959
313360321
313360216
313360222
313359733
313360238
328006994
313365095
313364318
313365140
313365321
313364231
313364267
328007964
313365254
326065649
328007972
313367136
313368659
313367518
313368285
313367967
313367725
313368352
313373628
311947401
311947502
311947485
311947768
311948395
328009725
328010552
328010544
328010527
328010585
312269261
312269272
312269294
312269326
312269625
312273731
312274725
312275012
312275991
312276093
312278198
312284821
312285029
312399083
312399221
312399212
312399228
312399233
312399237
312399304
312399313
312399314
312400797
312400996
312401008
312401026
312401030
312401084
312401099
312401100
312401102
312401205
312401214
312401232
312401235
312402497
312402560
312402796
312402848
312403047
312403061
312403075
312403083
312403126
312403124
312403127
312403326
312403421
312403465
312403530
312403527
312403535
312403539
312403585
312403599
312403809
312404020
312405676
312405679
312406048
312406327
312406917
312407332
312409965
312410052
312410093
312410107
312410168
312410228
312410383
312410871
326103442
312455802
312455806
312456457
312456605
312456618
312456630
312456677
312461116
312461354
328005096
328011212
328007018
328010267
312648203
312649022
312649221
312649684
312657976
312658040
312658234
312658400
312658690
312659290
312659930
312660396
312668378
312668379
312668720
312668891
312669144
312669745
312669890
312671466
312672014
312674377
312846058
312872353
312880932
312880955
312878866
312881227
312881423
312884726
312885641
312885905
312886477
312886502
312886503
312886510
312886574
312886579
312886963
312887084
312887355
312888157
312890034
312890208
312890466
312890943
312891614
312891630
313422739
313422749
313422753
313422834
313422906
313422758
313422885
313422893
313423481
313432718
313432556
313431581
313432679
313432680
313275504
313275729
313275821
313275881
313275966
313276138
313279810
313280491
313280510
313281579
313283255
313283744
313284874
313286334
313439983
313440825
313442237
313443813
313442020
313442251
313445380
313443884
313442530
313442848
313442946
313443023
313443090
313444416
313444643
313443187
313443202
313444605
313449268
313448003
313447088
313447049
313445331
313445453
313448069
313448911
313445498
313445617
313445496
313445547
313439430
313446165
313445675
313459477
313459832
313460399
313459834
313460220
313460929
313461130
313460155
313563037
313567720
313568178
313572721
313605597
313461551
313461588
313461772
313462133
313462419
313461947
313461621
313462278
313461639
313461675
313463116
313462083
313461886
313461851
313462535
313462345
313462149
313470751
313470015
313469096
313470083
313700664
313761647
313762003
313732892
313741817
313742054
314036081
314037297
314044986
314053044
314059101
314200353
314201148
314201308
314201619
314201630
314201751
314202489
314202675
314203632
314203980
314204011
314204206
314205678
314206316
314206569
314206783
314633053
305664272
305669259
305669289
305702303
305671260
305671431
305672717
305673999
305679809
305681305
305683713
305688346
305688997
305701571
305703575
305845691
305846388
305846419
305851544
305851549
305856004
305857755
305863459
305874839
305876080
305876627
305876841
305876924
305877214
305877282
305877328
305878109
305878318
305879007
305879083
305879319
305879362
305879368
305879381
305879943
305880149
305880155
305880194
305880216
305880265
305880894
305882081
305882564
305883551
305884275
305884408
305884566
310010380
306126870
312677230
313742471
303042785
320743962
306325011
306326220
306331431
306337899
306338056
306338081
306339903
306340185
306349983
306350003
306350013
306350596
306351580
306356987
306359147
306359425
306365370
306372156
306372330
306372461
306372470
306992392
306776373
319086129
324592199
312896129
306811353
306813905
306816388
306817991
306818897
306820694
306821315
306831308
306831865
306834177
133022811
306839349
306839441
306839599
306839632
306840628
319036890
306840897
306841044
306841064
306983442
306984747
306988700
306991091
306991377
306991445
306991471
306991475
306992133
306992246
307007331
307007475
307007617
307007743
307008377
307011768
307012272
307012499
307012567
307013213
307015145
307015642
317569651
322669934
321293931
327992702
307417069
307478526
307444943
307458199
307463099
307465688
307469094
307469121
307469131
307470429
307473204
307474270
307476061
307476138
307476186
307476322
307477594
307480154
324604993
313365954
307664510
307664611
320731154
313267526
313267551
313267761
313267345
313267783
313278701
327635287
313282284
313279226
308583865
308585811
309165657
320395413
309371618
324418753
309373385
309378892
309378938
309384709
328002194
309392602
328002267
319066534
328004071
328004377
326004632
326133147
313347784
313347731
313346598
327817977
327817979
327841199
327841749
327850086
327863720
327863550
327863756
327957193
318764219
327866047
320176058
310295935
328005469
328005357
327971157
327973011
327973498
328004454
328005507
328005538
314059153
326011634
328005760
313354290
313354894
313356028
328005766
313354325
328006165
313356025
313356070
313356480
313356156
313356166
328006131
313355754
313356011
313356484
328006267
313355594
313356253
328006287
313878517
328006534
328006645
328006578
328006321
328006695
313360932
313360956
323887610
313362672
313361384
313365332
313362641
313365498
313365577
313365623
313365932
313365449
328008076
328008732
328008142
313365604
328008200
313365503
313365756
328008995
328009456
328009455
328009445
311978646
311980436
311980605
311983889
311983892
311984204
311984861
311991132
311991238
311998664
312004980
312004996
312005071
312010590
312012083
328010556
135286944
312379781
312379771
312380150
312380511
328573215
328573055
327597499
312678670
312679201
312679396
312680682
312680951
312680985
312681008
312681007
312681009
312685531
312685718
312685952
312686377
312687395
312687529
312687639
312818762
312820850
312821009
312821433
312821630
312822000
312822858
312824543
312825472
312825560
312825562
312825605
312825794
312825799
312826581
312826582
312826591
312826767
312826789
312827369
312830566
312831284
312832469
312837083
312854664
312857204
313422203
313421123
313419921
313421285
313421412
313422337
313421122
313432568
313079666
313079974
313080297
313084578
313084644
313085015
313085215
313085259
313085591
313090007
313090006
313090290
313091992
313432563
313433894
313432721
313432770
313432669
313432767
313432737
313432738
313432739
313432742
313432773
313432810
313436353
313432971
313432935
313436298
313432968
313432972
313436980
313346016
313347137
313347630
313350376
313350539
313350697
313419655
313419656
313419830
313419831
313419938
313424759
313448355
313447566
313421406
313448607
313422389
313422744
313422751
313422760
313422774
313423054
326165650
313423155
313423622
313448664
313448442
313425288
313425533
313425950
326237918
313452382
313427243
313427748
313450694
313429118
313429850
313449075
313432557
313432567
313432569
313432681
313432730
313432735
313432736
313432746
313432771
313449556
313450860
313452435
313449503
313449508
313450380
313449510
313441024
313449724
313449848
313449611
313435302
313435761
313435804
313436374
313437223
313438199
313450180
313440780
313450480
313450494
313454134
313454211
313460040
313442308
313442672
313442796
313443027
313443041
313443143
313443445
313443469
313454483
313443890
313444565
313444635
313444658
313445121
313445175
313445572
313445929
313446722
313447052
313447851
313466765
313449644
313450543
313450761
313450816
313450831
313450832
313455490
313451301
313453433
313454216
313453844
313453763
313453505
313453461
313453501
313603620
313604604
313605444
313466761
313466279
313463473
313463521
313463657
313463712
313463750
313463812
313463854
313463853
313463565
313463598
313463625
313463704
313463696
313463931
313463702
313465373
313463778
313466733
313466637
313469151
313467725
313467791
313469190
313463994
313470188
313463777
313882449
313883658
313884049
313884038
313884682
313884806
313885340
313888007
313888004
313888025
313888124
326183959
314175107
314633072
314633949
326238436
315310066
315315675
315317122
315320252
85994223
313522871
313523097
315447727
315448953
305971351
305971523
305973842
305976217
305976244
300878861
312412542
133012775
306853528
306350849
313267062
313267328
327992758
319087755
300769701
308101239
322689702
324605121
308305012
308307220
327864871
308318556
313273089
313275339
313264744
313275317
313275723
313275878
313276063
313276054
313276055
313276129
313275963
313276031
313275971
313276018
313276137
313283249
308477060
308477723
313320188
308485649
308485726
308486458
308691403
308694605
309132788
309132935
316431109
328002861
328003198
318811837
328004198
328004503
309980998
309981025
309982066
309982443
309982501
309982968
309983427
309986611
309989396
310152166
310152463
326002103
326065159
313346855
313347056
313347383
313349514
324604178
313350212
313350487
313350371
313350680
313350979
313350693
327864916
327865078
310373025
328005704
310374787
310374794
310374972
310375009
310375630
313351788
313352478
313358481
313351455
313352881
313317516
310358350
310362742
327865329
327865482
310363394
327868148
310364394
310367803
310368364
327972591
310514419
310515042
313352856
313352891
313353071
310562688
313353317
310566766
313352895
310568477
313353015
313353065
313353126
313353245
323816129
313356246
313356498
313356308
313356447
328006255
314785719
313356723
313356783
313356840
313356870
313356695
313356614
313356627
313360877
328007056
313359216
325540405
313358980
313359227
313359436
313363672
313363882
328007962
313366031
313365452
328007960
313365780
313365619
313366734
313365685
313365754
313365692
313365728
313367197
313365783
313366968
313366023
313366359
313367321
313365964
313367006
328009128
313367868
313368619
313368546
313368634
313367950
313367969
313368183
313363103
311900617
311900833
311901660
311907404
311907611
328010089
328010249
328010278
328010232
312185995
328010775
312205322
312205871
312493594
312493713
312495755
312498697
312499137
312500888
135454712
312504719
312508836
312509749
312509864
312509973
312511278
312566179
312566273
312566277
312566300
312567215
312567218
312567270
312567765
312567775
312567778
312568164
312569694
312569695
312569897
312570213
312573109
312573486
312573480
312573497
312573579
312573828
312573838
312580137
312580446
312580541
312580820
312580823
312581130
312581303
312581340
312581497
312585990
312587589
312596053
312596067
312597813
312597866
312599436
312600248
312893692
312893790
312894037
312894314
312894635
312896306
312896356
312896449
312897835
312898152
312898657
312901708
312902362
312903220
312903227
312903267
312903268
312906648
312906918
312906960
312907038
312907050
312907368
312907444
312908232
312908234
312908259
312910254
327542442
313031588
313032739
313032841
313032843
313033095
313033142
313033251
313037524
313020728
313026840
313028600
313028609
313028758
313028762
313028972
313029121
313029128
313029201
313029222
313029221
313029298
313030776
313094657
313094930
313095503
313095682
313095797
313096014
313096188
313100266
313100853
313101094
313101319
313103530
313103583
313103606
313103878
313104085
313104081
313104092
313104236
313104337
313432596
313432691
313428285
313432723
313436004
328012397
327565786
313437111
313437137
313264707
313267060
313267054
313267122
313267296
313267297
313267331
313351323
313351497
313351706
313352266
313352444
313352529
313352531
313352883
313352885
313352991
313353239
313353285
313353324
313354169
313354598
313354828
313355515
313355736
313355850
313355977
313356071
313356167
313356216
313356250
313356297
313356385
313356639
313356664
313356711
313356816
313356848
313356911
313357071
313357097
313358031
313358045
313358062
313358699
313358835
313358939
313358974
313359009
313437837
313359822
313360014
313360650
313360950
313361020
313361026
313361051
313437972
313363081
313363126
313363346
313363364
313363441
313363570
313363732
313363844
313364079
313364151
313364162
313365174
313365308
313365792
313366821
313367192
313437179
313367956
313368176
313368243
313368299
313368367
313368435
313368603
313368717
313368737
313368818
313369112
313369473
313453840
313453555
313453571
313453579
313453873
313453872
313453791
313454058
313453799
313454170
313454152
313453963
313454059
313453841
313454161
313454166
313454121
313454220
313455762
313462255
313469123
313470143
313509747
313509748
313746021
313752483
313752502
313752488
313753134
313753123
313753133
326183479
83323778
313875260
314059527
314059895
314060424
314064593
314060753
314060834
314060835
314063902
314064045
314064210
313509623
313509625
313509631
313509674
313509670
313509675
313509707
313509626
313509628
313509629
313509677
313509678
313509638
313509642
313509648
313509669
313509673
313509739
313509708
313509726
313509758
313509760
313509709
313509712
313509717
313509711
313509731
313509718
313509727
313509736
313509763
84681466
314634587
314634652
314639042
314646338
314646871
314647896
313516628
314793489
314793701
314794412
314800535
314800825
314801239
314801243
313516860
314805702
314808041
314808290
314808517
314808769
314808787
314808886
314810967
314813996
314814331
314814614
314820344
314820429
315024032
315288074
315288511
315302924
315298895
315303663
315304202
315307044
315449415
315449513
315449549
315449839
315450344
315451805
315452142
313543381
315453938
315455411
315455462
315455480
313543599
313543664
313543674
313543966
313543675
313542732
313542742
313544002
313544013
313544015
313544079
315504581
315504589
315504805
315509151
316034614
313554084
316038531
316038583
316038862
316038885
316040223
316049709
316053262
316053979
316056759
316057187
316058453
316058455
316089714
316089752
316089760
316097304
316115782
316116025
316117017
316117757
316117695
313555410
313555329
313555354
313555384
316128515
313555333
313555382
313555362
313555387
313555414
316131723
316134094
316140123
313556953
316145509
316147667
313554263
313555332
313555381
313555380
313555386
316637704
316637731
313567261
313562946
313567856
316665954
316666078
316666103
316667247
316671182
316671339
316671449
316671725
316671732
316671822
316671866
316671900
313567453
313562519
313562333
313567905
313567908
316684623
316686274
313558818
313447086
313567256
313567262
313567429
313557585
317378887
317379457
317379633
317380375
317380388
317383123
317383486
317383518
317383561
317384080
317384859
313576837
313578688
313579229
313578765
317604049
317525723
317528373
317604213
317919149
313588241
317924119
313588249
313588284
313588250
313588258
317924572
317926373
326405005
326385914
317927848
317928221
317928944
317929195
317929190
313586910
313588296
313588298
313590603
313588254
313587783
313587778
313587650
313587668
313587753
313587777
313588242
313588075
313587779
313588237
313587757
313589080
318021590
318038972
313588642
318054144
318064409
318064509
318071136
318084217
326392426
313604465
313604540
313604318
313604456
313604544
313603144
313604536
313604605
313608715
313605182
313603143
313602204
313603407
313605181
313605298
313601661
313602740
313602742
313602958
313600578
313603304
313608581
313609260
313608613
313608782
313604740
313610818
313610885
313609266
313610774
313609273
313609276
313609274
313609404
313635156
313617351
313634570
313634419
313634745
313634462
313634479
313609019
313636890
313635366
313636799
313636684
313636404
313636868
313687318
313694551
322168117
322442745
313700056
313700482
313704045
313700478
313700665
313700476
313695953
313699731
313700226
313700667
313705472
313700489
313700475
313702692
313700480
313700512
323462848
322710315
313692680
313720043
313718351
313717638
313732685
313736077
313738815
313739342
313739345
313738990
313733963
313741068
313741167
313749392
313748711
313748466
313748084
313748398
313746946
313746948
313746949
313747000
313748064
313747955
313748394
313747537
313748236
313747052
313748234
313751056
313747479
313748538
313749982
313748378
313747092
313747564
313747256
313749986
313753781
314175703
314176856
326218252
326245027
326234514
314543396
314543434
313516335
313516333
313516634
314958519
314959714
314959841
314960169
314960233
314960303
314960304
314960339
314960516
314960981
314987872
314994041
314995839
314995881
315001155
315001603
315007111
315007782
315007801
315007807
315007872
315008018
315008037
327971711
327972295
327993428
85776147
315422282
315422801
315426290
315426537
315428945
315429106
315429136
315429286
315432658
315433545
315434391
315779571
315787130
315787199
315787382
315820966
315821894
315826131
315826701
315826882
315826883
315826981
315842604
315842620
315842686
315843321
315843326
315853246
315854730
315854967
315858218
315872215
315872583
315885548
315887905
315906669
315907022
313554258
313554971
86743373
316470851
316471325
316471489
316491878
316495882
316497288
316497921
316497928
316497933
316498108
316498115
316498336
316499777
316500542
316500851
316500893
316501696
316501700
316501701
316501818
316501856
316501917
316501989
316501990
316502111
316502368
316502683
316503668
316503751
316504039
316505116
316571498
316571782
316571911
316572576
316577709
316578780
316584420
316584589
316588195
316588643
316588658
316588653
316590017
316590910
316591254
316592509
316592555
316592586
316592718
316592759
316592790
316593238
316593236
316593320
316593335
316593340
316594091
316594196
316594824
316594828
316595132
316595274
316595402
316595392
316596320
313558890
313559364
313555669
316627283
305182415
305187998
313577985
313578936
313576493
317329813
317342459
317347549
317348252
317357727
317359811
317363885
317363890
317365149
317365334
317367070
317367123
317367286
317370826
317371096
317371154
317371284
317371280
317371290
317371485
317372209
317374159
317374571
317374608
317374644
317374748
317374847
317374957
317375492
317375559
317375594
317375600
317375601
317375758
317375841
317376005
317376018
317376140
317376141
317376183
317376343
317376423
317376424
317376419
317376469
317377253
317378245
317378256
317378437
317378487
317378533
313581530
313582973
326399921
326345651
317805280
317805380
317805779
317806443
317807446
317812101
317814832
317815126
317815416
317827102
317831553
317831845
317831885
317831884
317831900
317831897
317832045
317832060
317832276
317833942
317834616
317835003
317835094
317836132
317836149
317836163
317836196
317836245
317836561
317836584
317836626
317836640
317836736
317836750
317836935
317836971
317837107
317837179
317837210
317837432
326351129
317837774
317837984
317838017
317838044
317838052
317838165
317838168
317838292
317838358
317838817
317838820
317838852
317838915
317838968
317838973
317839008
317839130
317839374
317839447
317840168
317840221
317840349
317840363
317840364
317840368
317840391
317840385
317840389
317840448
317840449
317840742
313588045
313588076
313588048
313588253
313588257
317891167
317891843
317892324
317892371
317892420
317892424
317892456
317892457
317892459
317892506
317892504
317892507
317892509
317892512
317892866
317893023
317893016
317893027
317893030
317893028
317893032
317893044
317893050
317893051
317893053
317893089
317893079
317893283
318406152
318409331
318409318
318409569
318410089
318432915
318441205
318443476
318457080
318458463
318458529
318458536
318463869
318546658
318546675
318546684
318547562
318547600
318547607
318547907
318549850
318549846
318549947
318550040
318552243
318571534
318572396
318574122
318574194
318585775
313595964
313596520
313597064
313597028
313597019
313597096
313597062
313597095
313598020
313597984
313598019
313598143
312399104
313598178
313598458
313598115
313598221
313598558
313599838
313598250
313598222
313598249
313599391
313600292
313602507
313605452
313602868
313603497
313602535
313602905
313603501
313603303
313605281
313605333
313603355
313603543
313603402
313605458
313634539
313640383
313640365
313640495
313640599
313641010
313640496
313640830
313640497
313640503
313640507
313640580
313640803
313640782
313640970
313640834
313640838
313640976
313640999
313640977
313641013
313641007
313641011
313641009
313641034
313641151
313641046
313642444
313588077
312668786
303953361
322144600
313694953
313694731
313694926
313695169
313695746
313695093
313695190
313695082
313695092
313695172
313695175
313695168
313695395
313695559
313695171
313695133
313696614
313696484
313695745
313695744
313695750
313695756
313350218
305702108
319067613
313694749
313723353
313567968
313726729
313726495
313728903
313730840
313729247
313724441
313730841
313741078
313746347
313745878
313745896
313746012
313741328
313739081
313739601
313739559
313739080
313739359
313741545
313739561
313739596
313739980
313739600
313739556
313739599
313739867
313740853
313739593
313739598
313739595
313739638
313739732
313741985
313740285
313740318
313740320
313741517
313740413
313746028
313741702
313741723
313743973
313745989
313742093
313742269
313745984
313694944
313742404
313742405
313743438
313743872
313745986
313746013
313745850
313752508
313752520
313752487
313752083
313752104
313752586
313752112
313751655
313751076
313751133
313751351
313752518
313752028
313751106
313751949
313751945
313751979
313746697
313757587
313753287
313754092
313754320
313754594
313755869
313754688
313757811
313755706
313754853
313755002
313755202
313756676
313755195
313755245
313756706
313757710
313759059
313759069
313759113
313759224
313759301
313759068
313759121
313755046
313760362
313759198
313759879
313759982
313759315
313759300
313759299
313759316
313759356
313760504
313759876
313759452
313759912
313760359
313760358
313752505
313760458
313760588
313760824
313760725
313724997
313752778
313760416
313764025
313764099
313764923
313764163
313764164
313764179
313764212
313763787
313764153
313840200
312407608
312407382
313840452
313840449
313840439
313840519
313840522
313840515
313840520
313842374
313842394
313840716
313841160
313842710
313842942
313843010
313843049
313843491
313842032
313842684
313771054
313840760
313842715
313768891
313855162
313854383
313849025
313863089
313845846
313862665
313864761
313862895
313875267
313875300
312671285
313096475
313877915
313877519
313875803
313876547
312903420
313878122
313878877
313879296
313879300
313879044
313879067
313879224
313879069
313879322
313879343
313879316
313883416
313879394
313879373
313879403
313879345
313880650
309400514
313879412
313879585
313879501
313879592
319544781
313879829
313879847
313878231
313878398
313878516
313878468
313878512
313878839
313878989
313894161
313892509
313892515
314021569
314021613
314021357
314021360
314021467
314021556
314021331
314021358
314020474
314021359
314025695
314026903
314027522
314030792
314031486
314024914
314030629
314033894
314033272
314035355
314037967
314041128
314041813
314040682
314037995
314037996
314037997
314038112
314040894
314040900
314040568
314043036
314043959
314041861
314043274
314042001
314021856
314043057
314043058
314043075
314043155
314044489
314044687
314043987
314044505
314044574
314044653
314044009
314044504
314044731
314044343
314044739
314052455
314052456
314052643
314052461
314053345
314052501
314053000
314053279
314052843
314053390
314051289
314051299
314051288
314051303
314055647
314051423
314051421
314051900
314051434
314051977
314053029
314052174
314053717
314053802
314056565
314056568
314056709
314053393
314053585
324578103
314053615
314053588
314053589
314055187
314068085
314172892
315622519
315622522
315622992
313557846
313557760
313557798
313558896
313557590
313556469
313556473
313556788
313556815
313557311
313557350
313557401
313557385
313557561
313557546
313558536
313557558
313557418
313557420
313557547
313557563
313557679
86464448
313557586
316381556
316383560
316384372
316384903
316385877
316418999
313367657
313422823
313422831
313423207
313429143
313432772
313432829
313568229
313571681
316804601
316804765
316812406
313544017
316834589
316834882
313567626
313435938
313436325
313443275
313444811
313450020
313450050
313454163
313454218
313509705
313509719
313509720
313509725
313367003
313509765
313509766
316867274
316867520
313567976
316872152
313567933
313446467
313470045
313568198
316885687
316889898
316889729
316889987
316890389
317178427
317101065
317101081
317129552
317130472
317130454
317130451
317136950
317144578
317146961
317147325
317147572
317164040
317165039
317165605
317165812
317173089
317185532
317187483
317187473
317187475
317533770
317533793
317534523
317536392
317537076
317537376
317537385
317538323
317542003
313579251
317565394
317565433
317565434
317565469
317565623
317565880
317568261
317570779
317570929
317571415
317573473
317573693
317574630
317574656
317575308
317575463
313579891
317603702
317603701
317603838
317605307
317606098
317606303
317606304
317608427
317612329
317614588
317621960
317623312
317627669
317627814
317627951
317628301
317628295
317629301
317629469
317629937
317630866
317631479
317631485
317631958
317631962
317631960
313582329
313580411
313589690
318217121
318222507
318295249
318295605
318295849
318296432
318296640
318296641
318296847
318298472
318298720
318299098
318300629
313590938
318325403
313591706
313591823
326384173
313591884
313592260
313592267
313592356
313592320
313592263
313592558
313592321
313592466
313592434
313592358
313592470
313592450
313592465
313594965
313592566
313587754
313588129
313588274
313588275
313588293
313592592
313591822
313592829
313592616
313595061
313356715
313593295
313596847
313609009
313603632
313608753
313610819
313610882
313610887
313610893
313640505
313634547
313522872
313640051
313637008
313691047
313694562
313693294
313694497
313694706
313692540
313692718
313692799
313693224
313693222
313692798
313692746
313634759
313635507
313636117
313640141
313640828
313640998
313641000
313641237
313641491
313642485
313693239
313695844
313695848
313697888
313699067
313699276
313699566
327979380
313696912
324608092
327961031
313699561
313698453
313699564
313699540
323868265
327966751
319071369
322660523
313732265
313731916
313731204
313731126
313730842
313731617
313732817
313731344
313732826
313732017
313732109
313732893
313732827
313732684
313732894
313733119
313735785
313733126
313735205
313738825
313738823
313737375
313733178
313735961
313735204
313733308
313745987
313746585
313746326
313746560
313746834
313747001
313746743
313746676
313746732
313746742
313746754
313746755
313746736
313746848
313746971
313747004
313747011
313731337
313746852
313746733
313746740
313746738
313746003
313747007
313745988
313745992
313746324
313739594
313746319
313746832
313741195
313741816
313742323
313746941
313752647
313753132
313752650
313752939
313753272
313752934
313752521
313753198
313753327
313753780
313753207
313753278
313753286
313752779
313753534
313753532
313752711
313752757
313754589
313754642
313752753
313753127
313752984
313753128
313752759
313753035
313753195
313753279
313752766
313752837
313752777
313752767
313752769
313753094
313752771
313752448
313752567
313752649
313753096
313753125
313753275
313759111
313753126
313752086
313758539
313760730
313760821
313762465
313762466
313759628
313762052
313758540
313769226
313769633
313769021
313769024
313769321
313769630
313769632
313767967
313771232
313771233
313771251
313848862
313846601
313848861
313847389
313850800
313846297
313845821
313846599
313845839
313846391
313846389
313846394
313872635
313872633
313872430
313872613
313872470
313872622
313872636
313872626
313872488
313872616
313872621
313872648
313872707
313873147
313873732
313873241
313874906
313872836
313871627
313874827
313874467
313871721
313871724
313871987
313872187
313871982
313871980
313872477
313871988
313872465
313871999
313872479
313872646
313872055
313872484
313872432
313872630
313872706
313873731
313875024
313875374
313878357
313875384
313875173
313875266
313875284
312903342
313875256
313875265
313873730
313875373
313874400
313876678
313875527
313886616
313889572
313889582
313889596
313890106
313889593
313889599
313889626
313887610
313887997
313887890
313888041
313888114
313889162
313889408
313888365
313888367
313888504
313890107
313891733
313891972
313892101
313892262
313891984
313892480
313892266
313892478
314024040
314024035
314023435
314024036
314024211
314025885
314025906
314025446
314033585
314034577
314034997
314037637
314040878
314041812
314051059
314051300
314051298
314052208
314052232
314052303
314056626
314060846
314063980
314064396
314064059
314063658
314063903
314063851
314062834
314063854
314062921
314063093
314066147
314068060
314065793
314064797
314065745
314065041
314065379
314064704
314065794
314064755
314173301
314173337
314173338
314192250
314196987
314199695
314199725
314197269
314202975
314202495
314197400
314197299
314199808
314201332
314197329
314200357
314201278
314200487
314201345
314197992
314198630
314198913
314198475
314201421
314201626
314201127
314178496
262127134
312649185
312822025
312855629
312859705
312860257
312887379
312887387
312887539
312887556
312887585
312888308
313266936
313266970
313266977
313267056
313841316
313841319
314557176
314208534
314557359
314557362
314557445
314557532
314557551
314557553
314557555
314557786
314557789
314557865
300485345
314611523
314611607
314614386
314611922
314611791
314611752
314611776
314614405
314614404
314614410
314614398
314646312
314646797
314646829
314646837
314646799
314646838
314646827
314646801
314646824
314646802
314646905
314647222
314646953
314646875
314649229
314647835
314647847
314648118
94036611
314649280
55083356
314201691
315022665
315022736
318729949
319033650
319044527
319044588
316489389
314629513
312269586
299688428
314775270
314776015
314791216
314791746
314792165
314791020
314791485
314791835
314791615
314791952
314792658
314792663
314792693
314792818
314799526
314793051
314797283
314793755
314797342
314799693
314799090
314791934
314791973
314792593
314800835
314797912
314800577
305015576
314820224
314820119
314820226
314820335
314820221
314820223
314823587
314820337
314821050
314820340
314820338
314820339
314820343
314820758
314823924
314821163
314823146
314819638
314819678
314820352
314823696
314823789
314823754
314823782
314823791
314809222
305880083
314952900
314953595
314957242
314958406
314955069
314958584
314939439
314960989
314961900
314962900
314964341
314964285
314965598
314965954
314973502
314964598
314965755
314966239
314965342
314966017
314967186
314969003
314967629
273476898
273477295
273480854
322662825
314987378
314988298
314987512
314994754
314992193
314995761
314995898
314988827
314994542
313453839
314995408
314997891
314997479
313752516
313752132
313751946
313751649
313752484
313752498
313748440
313752024
313751976
313751875
313752501
313752509
313752584
313751058
313752585
313752506
313432769
313697393
313752023
313752091
313752780
313752569
313753177
313753952
313757037
313756450
313757017
313757038
313757551
313757197
313760406
313760419
313760505
313760580
313760579
313760668
313760589
313760585
313760722
313760591
313760721
313760594
313760726
313760595
313762740
313761936
313767261
313764905
313764840
313765253
313768354
313768561
313768836
313768841
313765527
313765416
313765594
313765715
313765783
313765723
313765726
313765795
313766526
313768511
313768353
313764583
313764614
313764757
313768871
313760326
313769634
313746747
313842323
313842351
313842799
313842630
313842791
313845272
313855170
313855230
313868891
313868799
313866033
313866239
313864018
313870288
313878606
313872623
313884228
313884571
313884218
313884265
313883102
313884672
313882063
313884264
313879920
313884798
313884681
313884795
313884790
313884833
303935890
303948092
313883466
313883527
313883550
313883952
313883921
313884237
313883953
313887933
313888028
313887930
313885278
313884823
313884824
313885166
313884885
313884940
313885469
313888045
313888027
313875426
313888006
313886273
313878513
313884993
313884129
313855161
313899295
313875728
313878835
314017416
314016451
314021735
314021736
314037659
314037320
314031416
314032754
314032628
314026580
314034134
314033055
324337625
314037715
314036187
314037354
314044753
314044752
314044762
314044846
314044920
314044474
314044556
314044703
314044689
314043905
314045479
314045672
314051320
258750689
314056633
314056675
314058334
314056949
314056793
314058861
314059268
314056716
314058590
314059157
314056832
314056904
314056677
314060417
314059959
314059918
314059635
314059585
314059592
314059649
314059693
314059951
314059937
314059904
314059627
314059597
314060317
314059654
314059831
314060796
314060854
314060810
314060613
314060929
314060658
314061531
314060925
314060809
314061848
314059945
314060020
314058286
314056542
314062761
314062837
314062784
314062839
314062838
314062959
314065330
314063897
314064703
314063173
314063094
314063099
314063096
314063365
314063174
314064079
314063426
314063288
314063973
314060762
260590876
312280017
314051477
314172591
314172748
314172829
314173317
314172741
314172825
314172830
314172832
314172881
314172884
314172890
314172905
314172907
314173316
314172911
314172914
314170535
314173333
314173334
314173336
314172877
314172879
314170881
314172882
314172912
314172822
314172891
314172810
314174723
314174724
314175136
314175072
314175090
314174904
314175119
314174913
314174873
314174793
314174912
314175054
314175104
314177265
314175073
314176192
314175707
314175744
314173443
314198883
314198884
313759987
314198928
314198943
314198996
314199025
314201675
314199298
314201284
314201312
314201137
314201337
314201149
314201754
314201769
314201660
314199632
314199553
314199700
314199682
314201640
314199558
314199617
314199699
314199629
314199766
314199715
314199651
314199797
314199775
314199631
314199756
314199697
314199698
314199772
314199649
314199669
314199707
314199663
314199708
314204943
314205381
314204905
314204940
314201764
314201814
314201772
314201832
314202447
314206660
314202061
314202232
314201677
314206293
314203127
314203463
314204010
314203088
314203143
314203879
314203189
314203494
314203880
314205598
314205607
314204224
314204928
314205322
314204231
314204929
314204930
314205200
314204939
314205401
314205431
314205096
314204357
314205143
314205409
314205677
314204262
314204517
314204704
314204383
314206782
314208689
261528668
314209829
314208476
314207300
262197984
262216905
314178476
327868119
315875507
314614712
314614831
314617682
320174171
314629650
314630006
314629988
314630007
314631064
312664560
314630212
314629742
300525829
314638672
314611897
320188511
320188188
322666715
299749156
319067450
313588276
306131682
314745052
314745053
314746282
314746284
314745019
314745020
314745021
314746488
314747066
314746844
314746841
314746865
314749050
314749163
314749410
314749779
314749680
314777063
314778098
314779263
265013913
314778247
314800828
314801002
314801029
314799561
314799827
314799797
314799524
314799600
314800061
314800697
314800829
314801273
314800049
314799799
314795009
314797412
314795177
314795957
314796877
314795892
314796681
314799598
314800824
314808952
314795048
314809367
314809100
314812464
314809105
314804092
314804905
314813870
314808813
314807795
314808058
314807884
314807918
314811383
314808815
314808794
314808561
314808391
314808764
314808570
314808774
314808786
314808586
314802976
314801251
314801241
314801272
314802343
314801874
314803214
314803800
314801873
314801630
314801769
314803417
314801631
314802652
314808828
314802164
314804010
314803606
314808838
314809231
314802910
314814538
314814982
314814613
314813067
314823920
313752930
319567924
314954305
314955203
314957386
314958407
314958422
314953837
314957899
314958404
314952341
314954798
314953188
314954596
314975948
314979450
273548294
314979719
313264839
313264830
314997484
309542652
314999804
314996279
314996180
314996378
314996729
314996586
314997249
314996715
274113672
315008035
315008025
315023180
315016350
315023862
315023122
315017392
274237149
315024028
315026065
315027621
315027779
315026014
315027937
315024474
315024272
315024273
315024765
315024275
315024761
315024375
315024380
315024759
315024766
315024381
315024887
315024875
315024594
315027520
315027663
315026021
315027733
315024610
315024603
315025115
315026117
315023157
315023141
315023539
298359207
298360752
298361475
298361556
298362390
298362724
298362253
298362187
298734183
315274095
315274141
315274180
315273356
315273904
315274105
315274133
315274164
315274221
315274832
315274868
315274850
315274887
315275485
315275738
315274867
315276977
315275509
315275135
315275560
307143416
315275517
315278111
315278270
315278492
315278637
315278642
315278481
315279127
315278756
315279370
315278780
313353308
313358863
312905412
313355187
315281515
315281695
315281618
315281764
313089994
315282147
315281939
315281894
315281959
315282105
315282498
315282488
313358677
315282902
315288764
315282794
313602342
315006094
315315504
315315450
315315265
315314898
315315123
315315181
315315345
315314662
315313831
315313410
315315036
314064766
314065017
314065338
314065411
314065717
314065177
314065699
314065485
314065614
314065677
314065798
314065474
314065146
314065451
314065696
314065678
314065675
314066070
314066202
314066063
314066165
314066025
314066061
314066017
314066026
314066056
314066059
314066119
314066062
314053816
314177272
314175773
314173912
314173908
314173898
314173907
314173909
314174012
314174038
314174015
314174001
314174030
314174018
314174031
314174039
314174034
314174348
314175103
314175442
314174199
314175071
314175083
314175766
314175087
314174736
314174849
314174905
314175078
314175088
314181419
314178054
314178103
314180097
314178921
313363131
314180083
314180078
314177234
314177258
314177259
314177268
314177274
314177263
314177260
314177267
314179535
314177572
314177738
314178234
314180098
314183970
314196969
314184464
314184450
314197309
313768960
314207462
314208468
314198615
314208420
314208073
314208365
314208421
314208464
314208438
314208475
314208508
314208655
314208477
314208497
314208644
314208681
314208490
314208506
314208491
314208579
314208648
314208686
314208680
314542889
314543343
314543342
314543359
314543369
314543341
314543344
314543345
314543360
314543397
314543347
314543349
314543365
314543390
314543350
314543351
314543355
314543405
314543354
314543358
314543356
314543361
314543362
314543368
314543366
314543373
314543401
314543403
314543404
314543461
314543422
314560061
314560063
314560055
314560065
314065672
314184146
314611521
314063975
314560855
314643089
313746750
316671189
314632804
314632801
314632803
314632816
314632936
314632810
314632814
300655543
314639209
314633071
314633104
314633102
314633106
314633116
314633117
314633140
314633130
314633143
314633144
314633178
314633469
314633145
314633147
314633148
314633172
314633171
300989405
313892351
314633897
314634386
314634047
314634660
314634407
314634653
314634540
314634543
314634418
314634530
314634460
314634648
314634583
314634562
314634575
314634573
314634692
314634641
314634661
314634691
314634689
314634725
314642863
314646132
314646317
314642963
314643057
314646003
314646034
314643633
314643138
314646193
314646114
314643516
314644150
314643776
314644169
314646286
314646792
314646318
314646307
314644802
314646346
314639637
314646345
314639443
314639585
314639561
314639584
314639730
314639732
314640617
314646152
308586392
314062845
316591965
319181033
320727293
314749835
314749810
314749829
314749839
314751121
314754748
314750046
314750933
314750939
314751252
314751596
314753692
314753690
314754587
314751706
314753996
314751833
314753563
314754756
314754894
314754630
314755054
314757847
314765494
314761611
314646608
314747141
310387236
310387214
314781581
314784900
314786478
314786479
314786958
314787491
314787493
314790447
314787492
314814618
314813732
314814533
314814541
314815015
314815465
314814280
314814356
314812119
314808587
314814424
314814426
314811449
314814422
314811855
314814539
314815609
314814956
314815208
314815444
314819745
314816038
313353157
314820121
314820227
314820220
302384632
305858008
313357802
308314103
313641742
327841260
314819110
314819377
314819631
314819168
314819473
314820345
314820222
314820124
312687536
310387063
314955034
314955257
314955080
314955151
314957313
314957449
314957454
314957459
314957636
314958405
314956791
314958776
314958792
314960186
314958777
314959682
314959683
314958787
314958782
314959662
314959804
314958788
314959712
314959807
314959728
314960855
314961910
314960893
314961136
314960530
314959701
314962464
314961066
314959710
314959802
314959942
314959803
314959805
314960334
314959809
314960189
314960175
314961789
314960179
314959939
314959941
314960172
314960305
314960176
314960335
314960518
314960319
314960301
314960316
314960410
314960340
314960344
314960420
314960474
314960477
314958425
314958427
314958518
314958428
314958429
314958492
314958493
314958517
314958520
314958549
314958590
314958552
314958585
314958587
314958779
314958783
314958730
314958864
314958591
314958589
314958680
314959940
314960173
314958778
314958731
314958756
314963401
314962592
314962913
314963021
314962914
314987475
314982380
314987040
314988550
314987884
314988333
314989853
314988175
314994060
314990821
314989059
314989674
314990966
314989772
314989773
314991036
314989860
315001163
315001158
315001177
315006461
315001172
315001265
315001652
315001274
315001275
315001531
315001298
315001532
315001478
315001655
315001754
315001650
312410205
315006459
315006768
315006565
315007871
315008022
315006895
315006869
315007695
315006891
315007785
315007362
315007698
315006563
315023116
315023491
315001654
315028367
315149228
315148150
315153312
315281811
315297423
315299963
315298904
315299089
315300491
315300046
315300060
315303964
315304188
315305244
315306242
315306731
315307021
313354420
313353895
315306234
315307504
313354028
315307568
313356452
315307606
315304200
315304173
315304089
315307092
315306359
315307121
315306429
313085523
315304630
315305340
315307004
315307322
315306734
315305313
315306821
312905110
315305226
315305399
315305397
315305216
315307316
313085590
315306040
315306698
313089718
313101208
315305817
315315063
315315851
315316520
315315832
315316913
313365501
315315091
315315338
315311090
315315463
315312064
315315454
315311204
315312059
315315212
315315379
315312006
315312045
315312058
315312329
315314376
315315342
315315484
315315511
315315708
315316148
315316665
315316473
315316723
315315908
315316515
315316583
315316563
315316640
315317141
315317130
315317350
315314319
315317101
299092064
315317162
315318791
315318935
315319441
299274501
299275524
299275541
299290463
299272520
299293751
299314847
315293454
315430778
315431056
315433579
306985100
315433875
315433916
315434072
315434382
299358513
299358568
299358716
315434383
315431835
315433705
315439972
315440463
315442335
315452030
315452556
315452406
315452350
315452527
315454667
315452878
315454669
315454475
315454691
315454666
315455453
315455104
315455518
315455419
315455478
315456796
315455476
315484232
315484229
315484230
315484234
315484756
315484755
315484757
315489681
315490005
299470645
315505098
315505105
315505110
315505136
315505176
315505522
315504239
315504259
315504277
315504281
315504246
315504256
315504272
315504251
315504265
315504271
315504351
315504267
315504269
315504476
315504551
315504276
315504535
315504578
315504936
315504934
299505061
299511192
299507083
315520396
315520443
315523851
315523845
315523840
315523841
315523842
315523850
315523721
299512005
299512009
299511838
299512451
299511848
299526326
299526325
299526499
299530416
299529199
315547112
299530331
299531668
299531756
299531755
299528343
299541511
299541451
299542191
299541500
299541508
299543444
299545064
299544924
299544945
299544948
299546386
299546383
299545053
299545453
299545563
315613020
315613025
315622230
315622128
315613044
315621338
315613022
85803435
315618724
315620121
315613529
315613155
315613213
315613603
315613234
315613329
315613236
315613953
315619880
315615699
315621255
315621254
315621198
315615171
315615651
315615768
315615539
315622221
315615700
315615572
315615717
315615794
315615549
315615649
315615841
315616070
315616157
315615893
315616069
315622424
315622430
315622554
315623497
315595239
315606040
315622137
315621398
299523599
315774520
315768102
315777883
315778909
315781513
315783290
315780816
315784388
315787046
315787421
315787441
315787330
315787439
315792185
315804705
315807588
315800945
299696485
299692566
299692581
299692601
299693075
299692991
299693080
299692570
299692580
299692652
299692925
299692616
299692593
299692585
299692590
299692594
299692999
299692648
299692985
299693007
299698245
299693268
299693602
299693263
299698355
299693346
299696624
299700392
299701740
299703469
299701102
299704410
299701118
299701328
299712341
299740548
299741014
299741349
299741401
299741450
299742661
299742233
299742252
299741550
299741637
299741636
299741654
299741769
299742058
299741880
299742319
299742228
299742231
299742709
299747924
299742663
299742694
299742902
299742724
299742895
299743368
299743062
299743370
299742984
299742894
299742851
299742976
299743033
299738166
299738168
299741387
299738254
299741381
299738371
299738708
299741386
299739791
299738363
299741425
299748781
299747127
299748482
299748512
299748349
299747676
299748838
299748740
299749107
299743813
299745220
299743853
299743931
299744872
299745867
299744414
299744145
299748040
299748376
299748375
299748259
299745091
299748667
299748442
299749186
299748460
299748733
299748742
313695748
319044297
315008024
315832065
315882682
315885073
300293722
315000314
315000146
315000365
312569754
314997856
314997942
314998000
314998013
314998021
314998019
314998166
314998208
314998057
315000500
314999162
315001166
315001753
315001657
315001923
315002264
315002356
315002728
315005971
315006577
315001165
315023338
315024256
315023182
315028097
315027873
315027521
315023156
315023298
315024510
315028072
315023700
315023694
315023540
315009050
315024593
315024596
315024030
315023693
315024376
315023705
315024595
315027085
315026641
315026738
315028230
315023521
315027831
315028092
315001755
315027675
315027696
315028328
315028319
315028318
315028095
315028395
315028320
315028366
315027945
315028332
315028315
315028217
315028329
315028304
315028605
315028326
315028330
315028603
315029976
315028573
315028635
315029179
315030688
315030012
315030217
315027598
315026590
315029377
315027928
315293345
315293343
315292175
315293047
315293109
315293118
315294525
315299690
315302401
315300519
315300240
315300372
315302614
315300517
315304273
315305195
315303890
315304079
315302971
315303626
315303775
315303003
315303079
315303592
313356349
315303254
313095804
315303412
315303284
315300871
315301210
315301302
315302717
315301685
315303915
315302481
315302914
313361034
315307527
315306104
315306114
315306608
315306733
313365355
313358723
313353784
313354171
315320003
315319981
315320024
315320119
299294193
299291571
299291657
299294175
299291884
299291962
299291865
299291965
299291922
299291887
299291969
299294383
299294824
299291925
299291961
299291963
299294124
299294820
299293491
299294902
299294903
299295003
299294911
299294913
299294976
299294962
299294963
299295001
299295039
299294105
299291661
299291720
299294368
299294366
299294363
299291933
299340711
299296069
315422289
315422266
315424130
315424135
315425066
315424141
315424136
315425176
315425282
315425436
315424205
315424255
315424320
315424776
315425062
315424955
315425065
315424797
315424467
315425655
315428676
315427093
315425656
315429101
315424737
315425133
315425138
315425521
315425424
315425615
315423151
315423021
315423116
315423120
315423284
315424862
315435438
315435475
315439264
315446136
315446137
315446077
315447544
315447324
315447425
315447496
315447327
315447518
315447554
315447609
315447566
315447718
315446678
315447279
315447781
315447675
315447722
315448778
315454677
315455475
315455276
315457098
315457099
315457105
315456998
315457029
315457132
315457145
315455522
315455517
315456936
315454584
315455987
315456766
315456109
315456775
315456789
315456108
310592812
315504931
315504933
315506580
315506577
299478624
299480706
299478595
299479409
315507117
315507113
315508310
315507719
299482133
299489871
315423740
315509895
315509512
299489186
299489336
299489362
315510704
315523848
299515075
299511855
299511856
299512042
299512368
299512025
299512654
299512645
299512647
299512656
299513899
315525601
299517105
299516397
299517028
299516618
299517053
299517221
299517320
299517497
299517478
299517477
299514951
315525843
315525845
315526222
315526261
315526147
315526047
315429169
315526260
315526255
315561143
315526280
299532206
299532213
299533541
299532838
299531825
299531677
299533939
299533962
299533542
299532837
299534823
299534605
299534413
299534748
299535418
299534749
299534559
299534727
299535359
299535455
299534747
299533478
299534023
299537042
299539483
315577026
315580611
299550568
315615537
315793625
315802597
315802919
315797913
315810175
315798498
315803090
315802533
315751287
315751405
315751157
315808067
315808308
315808878
315809256
315810827
315810973
315811178
315815474
315812908
315804703
315804704
315804702
315806164
315806796
315806809
315806001
315807132
315807451
315806100
315807256
315807364
299713751
299720961
299720779
299720806
299720963
299720958
299720814
299720959
299720981
299720986
299721047
299721418
299721125
299721248
299721360
299724333
299715869
299720812
299730458
299726964
299749078
299749152
299755493
299749308
299749191
299749203
299749510
299749399
299749640
299749523
299709606
299720807
299737884
299741324
299749517
299489388
299749621
299749636
299755816
299750809
299755679
299755408
299753916
299755297
299751606
299754162
298737754
299753100
299760838
299761014
299761073
299761894
299761897
299761072
298361206
299757852
299759017
299759739
299763135
299759683
299759471
299759737
299759725
299758228
299759747
299759759
299759294
299760031
299759803
299759744
299760741
299760280
299761015
299760836
299760452
299760454
299760951
299760641
299760949
299755946
299756881
299756143
299756173
299756084
299756072
299756288
299756495
299757276
299768806
313738971
315831174
315828072
315845688
315845689
315845405
315845637
315845687
315846106
315847451
315846344
315855024
315841999
315848140
315851449
315847584
315848599
315855183
315844051
315843268
315843269
315843411
315843538
315844103
315843953
315845092
315845381
315845088
315845404
315844128
315844152
315845690
315845399
315844375
315845091
315845280
315845131
315845720
315845402
315845134
315844871
315863211
315863089
315863647
315863207
315861279
315863346
315862952
315863421
315863570
315860766
315860792
315863102
315863103
300300403
300300717
300300408
300300479
300300422
300300409
300300411
300300421
300300425
300300438
300300424
300300472
300300426
300305811
300305954
300298119
300300092
300298117
300298512
300298169
300298161
315885959
315886000
315885435
315887246
315886241
315888465
315887909
315886027
315888751
315886031
315887148
315887390
315887239
315887544
315887667
315887677
315887906
315891866
315888954
300306263
300306478
300313317
300309038
300306957
300309199
300312694
300309404
315906670
315908845
315906675
300336066
300335969
300340205
300340308
300340303
300340326
300340327
300340333
300340329
300340340
300340392
300340712
300340777
300340756
300343100
300340528
300340394
300342481
300340644
300340745
300342000
300343669
300343745
300343905
300343523
300343174
300343406
300334656
300343321
300340305
300344594
300344595
300344589
300344191
300344327
300344596
316012870
316040510
315307017
315306760
315306835
313101333
315307032
315306761
315307038
315307062
315305911
315306654
315310574
315310586
315311020
315310447
315308373
315309090
315294526
313365379
315309394
315307340
315307614
315310690
315310669
313365435
315309734
315310718
313355856
315307590
315308179
315308201
315307638
315307658
315307725
315307641
315308212
315307852
313358950
315307781
315308185
315308367
315309615
315310606
315307709
315307794
315307796
315307848
313366466
315309590
315312456
315313931
315314378
315313908
315313205
315313594
315314661
315314718
315313874
315312742
315315256
315314292
315314092
315317136
299272350
299272315
299272352
299274034
299273715
299274265
299274315
299274008
299273487
299273544
299273592
299274374
299274376
299274333
299274366
299274419
299274503
299274574
299274569
299296569
299296520
299296582
299358512
315423762
315423614
315427336
315425859
315425653
315426262
315425657
315423815
315425532
315426264
315429137
315429285
294029033
315427669
315426900
315427128
315429104
315429200
315429281
315429283
315432011
315429750
315430982
315429310
315447316
315447490
315447495
315447328
315447427
315449034
315449131
315449177
315449129
315449348
315449176
315449351
315449188
315449190
315451777
315450445
315450814
315449347
315449413
315449412
315449411
315449417
315449422
315449791
315449499
315449418
315449428
315449503
315450375
315449555
315450164
315451652
315450044
315449070
315448365
315448446
315449187
315448516
315448830
315448665
315448512
315449114
315448663
315448974
315452496
315452930
315454322
315454469
315453267
315451797
315451778
315451467
315452116
315451849
315451607
315451739
315451772
315451825
315452325
315452380
315451755
315451793
315451806
315452387
315452427
315452043
315452349
315449354
299463173
299465969
299463325
299463409
299464109
299465481
299465711
299465684
299466363
299466359
299465522
299466362
299466388
299466478
299497484
299498732
299500245
299493599
299493609
299496435
299494344
299494349
299511045
299511148
299502557
299506573
299502560
299505985
299511600
299510874
299502558
299500155
299500648
299520817
299521021
299521349
299522044
299519683
315553490
299524067
299524384
299522855
299524395
299522987
299522894
299524484
299524488
299524493
299523643
299523681
299523601
299523044
299524034
299524045
299523598
299524044
299537754
299539080
299537621
299538022
299538244
315504894
299538055
299539197
299539579
299539916
299539478
315610480
319087616
313355816
315751137
315751158
315751192
315751447
315751138
315751432
315526076
315748940
315504947
315613121
315749463
315751045
315751460
315750293
315751449
315748429
315757334
315759754
315759483
315752234
315752749
315754610
315752748
315752761
315752665
315754570
315752938
315755121
315755411
315755124
315755112
315755451
315758178
299685216
299685229
299686165
299685307
315817856
315818378
299684897
299684588
299684528
315818489
315818491
315818495
299684587
315826119
315820358
315817187
315820557
315820965
315820357
315825595
315820359
315820964
315820360
315820572
315820797
315822562
315820559
315820565
315820570
315787131
315826748
315826400
315826709
315826881
315826534
315826535
299684889
299684890
315826959
315827198
299684898
299684962
315822837
299685359
299684949
299685081
315826958
299685232
299685233
299685358
299685370
299686093
299686297
299686167
299686301
299686838
299686839
299687339
299686831
299687342
299687400
299687501
299687508
299687529
299687620
299687510
299687526
299687511
299687528
299687685
299687976
299688677
299688899
299688861
299688824
299688880
299689106
299689474
299689181
299689460
299691499
299727374
299727704
299728534
299728821
299728084
299733869
299730142
299730214
299730308
299725742
299726238
299737890
299737897
299737560
299737353
299737354
299737355
299737543
299737893
299737899
299737546
299737550
299736648
299731395
299737562
299737568
299737545
299737103
299738165
299740349
299741170
294045519
299764685
299764889
298361458
299764767
299764683
299764687
299764900
299765003
298361744
299764689
298361511
299764691
299762142
299764905
298361584
299768111
299765305
299765390
299755634
315828888
321799194
315829020
315858439
315858814
315858585
315859414
315860664
315859640
315860675
315875169
315873191
315873179
315855280
315873275
315874308
315875328
315874510
315875064
315875503
315874998
315875230
315875401
315875508
315875182
315875465
315875506
315875515
315875519
315875532
315875523
315875596
315876385
315879188
315872071
315871218
315872781
315872208
315876750
315874511
315885092
300289956
299687337
300291550
320191813
300330434
300329418
300329277
300329767
300329750
300330433
300329748
300329776
300330537
300330752
300335792
300336067
300336263
300336416
300336418
300337147
300339648
300337525
300339344
300335613
300334297
300333883
300334779
300349634
300350107
300350112
300350057
300349746
300350099
300349867
300349916
300350146
300350109
300350184
300350007
300350056
300352721
300354801
300354868
300355303
300353777
300355178
300354768
300353905
300354024
300354978
323875864
324594381
316029271
316029841
316030203
316035249
316038581
316038785
316038792
316042272
316045464
316049617
316049679
316049687
316049730
316049710
316049766
316056586
316049690
316053088
316050224
316053086
316053089
316053257
316053091
316053251
316056783
315893872
315887668
316053924
316055935
316053621
316054208
316057211
316057216
316054196
316054462
316054793
316054769
316062815
316063127
316075253
316058339
316058460
316060773
316058337
316058456
316058457
316063128
316060255
316058496
316062405
316061401
316101585
316104031
316107994
316114000
316109198
316112378
316105514
316116283
316118149
316112431
316115183
316113225
316117044
316116520
316116640
316118816
316117692
316117688
316122338
316122915
316117996
316118008
316118005
316118025
316176481
300493945
300493973
300493153
300493433
300492644
300487590
300486760
300487327
300487735
300487805
300487756
300487654
300487741
300493184
300488004
300487951
300488005
300488014
300488027
300488045
300488050
300488049
300488041
300474566
300493328
300488206
300488265
300488473
300488537
300488300
300488323
300488502
300493814
300494045
300488746
300493967
300509521
300510911
300511076
300511127
300511610
300493938
300493936
300493944
300493962
300493971
300494047
300494136
300494410
300494622
300494661
300494161
300494443
300494444
300494593
300494447
300494588
300494446
300494630
300494608
300494751
300488957
300511001
300495384
300494996
300495698
300511535
300495362
300510084
316369324
316369326
316370061
316370427
316370299
316372021
316370640
316370834
316370757
316378114
316381517
316384517
316383892
312410040
300511954
317164195
320430394
300645220
300645382
300645342
300645433
300645474
300645476
300645481
300645601
300645478
300645479
300645633
300640065
300640070
300640071
300640072
300640130
300645340
300640084
300640131
300640123
300640134
300640124
300640196
300640132
300640143
300645219
300640135
300640163
300640160
300640161
300640356
300640221
300655479
300655502
300765291
306358563
306358571
309373153
300767213
300767666
300767776
300767805
300768147
300769650
300765701
316400297
300770352
300771910
300777634
316409128
300769556
300773383
300777627
316385539
317832140
300806158
300806160
300806165
300806161
300806308
300806214
300806298
300806327
300806237
300806303
300806292
300806240
300806309
300806305
316466785
313432561
316466589
316467521
300806336
300818038
300817343
314801246
316461288
300816909
300817754
300806691
316468483
313883526
313879320
316370388
316155810
316155710
316384774
316384967
316385323
316406835
316426859
316428414
316428392
316428292
316428936
316429310
316463485
313884236
316467740
316470429
316464078
316464969
313888366
316464983
316465040
300812519
300812347
313425200
316466004
316469799
316468531
316468577
316469703
313879400
313884570
313880303
313462060
316466318
316469576
316468772
316469518
313427096
316466588
316466661
313425852
316466776
316469153
300805783
300812321
300818036
300818073
300818297
300818376
300818464
300812570
300806605
316471963
300818300
300818105
300818125
313879468
316471568
316465463
316464082
316498337
316492684
300818914
316493193
316493334
316493804
316493444
316493330
316493435
316493364
316493332
316493432
316489033
316489045
316489047
316493431
316493450
316493877
316493652
316493876
316494198
316494662
316494803
316495577
316493878
300835734
300836159
300835852
316501697
300835808
300835802
300835941
300835807
300835819
300835957
300835814
300835932
300835820
300836162
300836137
300836165
300835931
300835934
300836178
300835955
300835963
316494716
300835947
316502360
316496798
300836321
300836325
300836305
316501857
300836326
300836413
300836324
300836440
300836700
316495211
316495329
300836782
316495330
300820789
300836524
300836558
316489029
316503669
316500172
316495722
300836944
316504212
316504141
316504654
316504219
316504238
316504179
316504506
316504611
316504605
316504895
316504617
316504644
316504612
316504684
316504999
316505163
316507909
315889986
316505565
316506103
316506288
316506343
316507043
316507036
316507044
316512398
316504134
316504239
316504170
316504137
316572695
316572513
316572550
316572590
316504942
300878576
300870662
300878679
316578475
316578478
316578479
316578477
316581336
316578648
316579211
316578755
316578831
300878975
316578948
316582247
316578973
316578979
316578986
316578985
316578982
316579190
316579189
316583004
316581922
316578838
316578484
316577874
316578481
316581301
316578482
316584583
316585805
316584770
316582866
316584040
316583061
316582769
313557481
130425835
273925449
181114826
64664447
73455536
75626699
79271252
86676868
90772614
300915326
300915329
300915512
300915549
316598576
316596879
316597317
300920567
316597015
316593511
316593688
316593938
316594492
316594128
316594776
316594630
315863205
315863204
315863213
315863371
315863208
315863370
315855926
315856019
315856460
315856784
315856501
315857235
315857879
315858474
300314644
300314640
300314685
300314677
300314903
300314742
288787638
300328234
300316456
300316804
300312805
300314576
300313117
300314679
300329178
300344374
300344498
300344558
300344593
300344499
300344507
300346741
300344674
300344668
300344916
300346063
300346201
300346265
300344917
300348913
300348923
300349263
300346051
300349560
300348229
300348638
300348297
300348114
300348100
300346173
300346962
300351873
300350950
300351494
300351504
300350892
300351302
300351526
300352261
300351055
300351332
300351242
300351298
300351588
300352657
300352484
300352468
300352483
300353665
300346146
300352416
300348909
300353702
300348958
300352530
300349461
300349478
300352724
300353733
300352713
300349623
300349633
300350095
300352560
316014275
316018660
300362792
300363092
300359468
300359479
300359474
300359522
300359490
300359758
300359788
300359547
300359916
300359754
300359954
300359957
300359967
300361026
300360110
316073388
316088978
316089715
316071543
316075182
327430691
316121924
316122182
316122417
316122555
316122554
316122916
316122494
316123222
316123004
316122690
316123274
316123509
316124262
316124540
316123580
316123582
316128367
316123653
316124613
316130729
316124558
316122333
316127128
316127652
316126068
316128942
316130772
316120397
316120349
316120635
316120861
316121095
316121222
316136014
316133829
316140805
316141163
316138723
316136757
316137131
316142020
316142409
316144652
316138768
316138761
316140035
316144522
316139995
316138933
316130918
316131007
316131005
316130979
316131046
316130723
316130731
316130801
316130948
316131054
316062940
316130802
316131048
316130878
316130919
316130985
316131010
316130984
316131041
316131375
300359950
300460592
300460905
300460614
300460623
300460776
300460699
300460700
300460721
300460978
300460984
300461511
300461051
300461483
300461060
294048605
300461610
300461529
300461560
300461675
300461574
300461922
294046798
300461904
300461917
300462160
300462157
300462164
300462163
300460066
300460273
300462258
300462270
300462268
300462188
300468710
300469070
318993157
300469501
300469772
300465179
300467411
300468441
300468180
300469922
300470235
300467995
300468642
300469708
300470268
300468359
300468914
300510984
300510848
300511411
300511452
300511970
300512223
300511617
300511645
300512169
300512168
300511959
300511690
300511913
300517320
300512386
300511976
300517549
300518756
300518722
300518997
313597931
300655288
300655321
300655501
300655326
300655488
300655537
300655487
300655481
300655546
300655595
300655551
300655592
300655593
300655603
300655596
300655597
300655610
300655752
300662471
300655740
300655909
300658752
300660448
300683473
310564793
300759794
300765357
300655499
316384763
316385174
316384765
316385878
316384952
316385170
316385619
316393036
316385881
316426901
316427583
316426907
316426911
316427519
316427139
316427987
300786715
300793657
316428304
300788241
316428924
316428301
316428925
300787341
300788139
300787378
300787480
316428923
316428965
316428926
300787799
300788398
316428933
316428934
316428966
316428967
316429086
305527155
307418094
314036751
314032627
315786758
315804578
315885440
316058037
316095117
316100118
316104094
316104602
316428972
316429294
316429228
316430267
316429553
316429598
316477205
300818131
300818299
300818474
316476248
316477976
316479631
316477620
300818132
300818334
300818187
300818507
300818050
300811845
316481494
316481547
300818358
300818360
300818363
300818518
300818361
316482441
300821993
300821600
300821374
300821263
300821371
300821509
300821372
316485371
300818476
300818487
300818520
300818672
300818564
300818829
300820033
300821958
300819973
299523022
316485618
300820323
316486103
300820199
316486413
300821862
316486411
316488958
300829192
300821016
300820367
300821001
300820643
300820920
300820533
316482935
316488546
300820642
300821038
300821010
300820759
300820825
316487763
300820977
300821057
300829171
300822291
300829190
300821164
300821237
300821174
300829196
300821412
300821233
300821235
316489224
316489242
316489368
316489373
316489365
299687345
300856779
300856883
300856888
300856641
300856777
300856817
300857013
300857289
300857343
300857353
300857357
300857375
300857477
316588654
316589977
316588626
316588650
316587210
316589270
316586999
316587077
316587042
316587102
316587684
316589250
316587425
316587211
316589347
316589284
316587222
316587582
316588207
316587506
316587545
316589984
316589811
316590019
316588134
316589983
316590024
316590026
316590030
316588068
316588433
316588461
316588189
316588190
316588505
316585043
323887728
283248555
314051198
308571337
316590235
316501685
316590153
316590203
316591769
316590204
316591797
316590249
316590260
316591699
316590806
316592416
316592538
316592556
316592353
316590261
316592804
316592724
316592425
316590437
316590657
316591303
316591393
316590660
316590988
316590661
300522471
300793894
300778199
300857111
300856994
316590992
316592484
316591265
316592998
316592506
316592838
316592519
316592566
316593322
316595002
316594732
316594664
316594727
316597009
316595413
316595246
316595021
316595127
316595325
316595303
316595244
316595131
316595247
316595278
316470824
316595276
316595444
316595281
316595304
316595306
316595308
316595319
316595396
316595949
316596114
316595410
316595412
316595458
316596650
316596810
316595931
316596828
316594674
316595637
316596078
316596189
316590223
316596551
316596592
316591106
316596880
316596988
316596892
316596860
316596893
316596897
316596909
316597003
316638592
316639208
316638595
316638586
316638606
316636769
316639029
316571775
316637640
316596876
316595833
300944936
300960202
300960323
300963607
300965749
300967048
300968191
300965851
300965837
300965888
300965874
300965878
300927792
300966595
300966036
300966046
300966139
300966039
300966109
300968975
316665933
316666049
316666236
316665586
316665749
316669113
300963750
316669861
316671477
300987939
300989108
52340197
52340181
316036671
316038098
316038506
316038509
316038579
316038771
316031777
316035218
316034627
316033755
316035170
316034235
316034869
316033983
316034217
316034218
316034221
316034248
316034418
316034242
316034245
316034258
316025061
316026096
316026854
316028771
316026548
316034871
316027447
316027988
316033756
316035091
316028407
316049771
316049772
316039806
316038532
316038584
316038861
316038578
316038788
316038923
316040138
316038791
316038870
316038887
316038793
316039807
316040103
316038828
316038886
316038924
316038933
316040088
316040197
316040089
316049681
316040098
316040224
316035889
316036503
316090755
316100916
316093433
316088966
316088977
316089612
316089901
316103816
316103781
316109536
316104561
316108003
316103817
316103937
316104043
316104249
316098437
316101811
316132894
316132444
316135011
316139996
316139994
316148367
316147706
316147710
316148921
316147615
316147729
316147665
316147718
316149043
316147715
316149984
316149039
316147660
316147724
316149189
316149884
316148922
316150444
316149963
316150248
316150427
316150851
316150426
316150423
316155372
316155578
316155918
316155411
316155695
316155894
316155663
316155596
316161435
316147450
316147618
316147388
316162407
316162485
316162486
300478348
300479501
300471475
300471150
300471149
300472993
300472115
300471477
300471857
300471481
300471486
300478590
300472491
300473128
300474468
300473068
300474847
300473631
300473625
300473700
300473926
300478591
300475128
300478523
300478581
300479036
300484909
300485097
300478710
300485071
300485083
300485350
300485156
300479619
300485151
300485249
300485358
300485346
300485361
300485354
300485356
300481685
300485532
300486115
300485690
300493455
300493458
300518801
300519411
300519006
300519084
300519373
300519382
300519410
300519505
300519651
300520657
300519559
300519659
300520175
300520651
300520664
300520660
300520670
300520671
300520736
300520737
300517643
300517648
300517652
300517691
300517924
300517863
300518274
300518106
300518077
300518272
300518340
300518337
300518372
300518346
300518440
300519264
300518398
300518937
300518751
300519245
300518502
300518667
300524121
300524144
300524211
300524298
300524212
300524493
300524214
300524291
300524299
300524490
300524326
300524331
300524487
300524491
300524496
300524803
300524809
300524804
300524806
300525239
300524827
300524859
300524828
300524830
300524865
300524975
316141615
300525307
300525835
300525914
300526495
300521318
300521377
300521480
300526046
300521488
300521519
300521541
300521576
300521728
300521729
300521930
300522043
300522255
300526494
300526707
300526709
300526713
300526722
300526727
300522929
300523245
300523912
300523294
300523902
300523913
300523909
300523904
300523842
300523906
300523908
300523910
300523936
300523939
300523940
300523947
300523946
300524206
300523948
300524118
300524207
300524047
316136373
312598436
306358579
300639462
300639463
300638097
300638300
300638131
300638477
300638653
300638099
300639464
300638100
300638270
300639461
300638115
300638393
300639469
300638190
300639137
300638207
300638435
300639275
300638314
300639515
300639516
300639714
300638651
300638717
300639269
300723506
300753728
316384861
316384519
300695073
300726130
300727201
300755206
300739150
316429580
316430326
316429550
316429586
316429801
316429867
316430264
316430262
316430270
316430432
316430897
316430430
316430423
300785894
300793882
300793575
300793526
300793967
300794013
300794006
300793978
300794558
300794270
300794412
300794566
300794544
300794715
300794191
300805978
300802855
309176382
316117711
300830355
300826650
300829963
300828825
300828949
300829272
300829193
316489032
300829280
300829314
300829964
300829992
300829331
300829741
300829315
300829735
300829745
300829734
300829733
316488843
316489044
316489196
316488970
316489040
316489030
316489362
316489364
316489037
300829773
300831417
300831442
300830475
300830697
300834086
300830600
300835729
300830512
300831079
300830519
300830518
300835730
300830520
316489553
316489500
316489687
316489617
316496815
316489661
316490460
316491247
316496673
316492496
300806320
316490066
316490345
316497845
316497537
316497131
316497289
316497877
316490708
316490620
316490795
316492046
316492508
316490983
316497508
316489657
316500768
316501165
316501168
316497885
316498080
316497545
316497558
316500890
316491610
316497914
316492243
316498053
316492469
300819479
316498378
316498802
316498079
316498090
316498399
316498106
316498340
316497932
300857478
300870399
300870408
300870418
300870406
287415206
300870407
300870413
316492698
316501825
316573519
316571402
316571404
316571785
316571677
316571497
300878686
300878681
316572392
316505126
316504984
316504215
316504641
304993948
300901409
300901410
300927317
300927870
300927885
316587174
316593332
316671537
316671735
316671552
316671662
316671815
316671853
316671864
316671838
316671840
316671890
316671902
316685519
316671974
316671989
300969105
300969347
300969418
300969160
300969365
300969388
300969417
300969419
300966031
300966032
300969629
300969596
300969890
300969649
300969982
300970334
300979977
300981299
300978216
316686132
316671865
316671924
300989251
300989292
316692486
310300119
316692471
316692884
300989752
316692881
316694058
316694296
316690759
316689846
316690944
316690921
316691029
316690919
316690840
316691360
316690888
316691191
316691165
316691241
316690945
316691331
316690932
316691361
316691045
316691358
316691398
316691252
316691357
316691380
51810829
316690513
300989456
300989429
300989422
300989420
316691499
316691524
316692372
316692244
316691546
300989466
316691989
288776351
316692087
316692032
288784043
316692412
316692416
316692250
316692454
316698053
305526756
313441990
316804342
290015080
316810628
316814851
292324519
316863474
316863682
316869987
316866279
316857303
316865613
316865864
300521495
318769812
316870744
320205297
322152225
316868747
308486399
316155775
313101233
319561218
316507920
316872963
316872968
316872943
316881919
310148370
318728208
316903676
316903680
316901280
316902235
316902809
316903404
316903407
316903686
316904369
316903679
316902260
316671933
316902818
316904389
316904391
316903402
316905371
316906149
316904757
316904758
316905288
316904483
316905587
307304142
315145315
293214527
316910567
293609981
293611199
293855765
315016189
316501938
317092143
316504236
300314489
316578756
316578805
316578779
316504240
313636658
319046033
315028333
315008245
321657777
323868894
298747632
321398491
318996167
313768831
299737347
317167801
319088572
316591241
313692686
317170575
313694928
317163521
317164183
317173176
317173991
322710545
317176339
323466664
313745851
317172663
317172665
315613178
317178339
317170000
317173879
317163603
317164701
317173875
317173843
317165791
317165847
317165849
317173946
317175300
317175232
317173947
317173996
317175023
317173954
317173993
317174642
317174978
317175025
317174990
317174942
317174943
317174993
317174992
317175449
317175116
317175020
312498301
317175233
317177656
317175413
317175569
317175571
317175573
317177773
317172308
317173310
317173168
317171607
317175886
317177059
317173249
317150870
312405741
317179145
317178633
317178835
317179190
316893300
313765907
318579904
319763411
314053392
299687692
316911269
315004229
300339599
316128576
316128511
314808775
305882418
319040866
313591707
319010631
320737745
323467543
319156834
312399308
316904765
309127773
312658407
317180222
317180631
317180587
316879762
317175092
317175334
317120944
317300556
317299345
317369478
317375518
317369849
317367523
317367525
317368865
317367524
317369509
317370195
317369243
317369960
317372784
317374161
317367530
317375843
317376406
317376410
317375847
317376006
317376420
317375981
317376404
317375855
317376100
317375997
317375864
317375865
317375892
317376181
317378892
317373393
317375185
317375176
317375367
317370127
317371114
317370251
317373933
317370862
317370878
317371283
317369989
317370282
317370299
317376408
317375041
317375200
317375205
317370822
317370784
317377642
317370777
317375268
317371115
317371120
317370804
317371016
317370819
317371159
317370874
304156126
317371314
317375464
317374454
317374453
317375517
317375560
317375803
317371285
317366040
317382412
317383318
317382670
317382273
317383129
317383301
317382626
317383316
317383236
317383436
317383322
317383362
317383484
317383437
317384410
317383480
317383592
317383446
317383487
317384734
317383482
317384118
317384670
317384893
317383870
317384880
317384881
317378876
317379440
317379657
317379608
317379640
317379885
317385111
317379200
317379095
317379583
317379584
317379600
317379464
317379605
317379636
317379653
317379654
317380632
317379877
317380059
317379656
317380378
317380857
317379881
317380159
317379919
317379924
317380987
317380161
317381443
317381013
317380946
317380379
317381014
317380738
317380949
317381626
317381015
317383133
317382512
317381806
317383132
317383137
317381997
317382131
317383012
317383106
317383130
317382871
317383124
317536717
317531038
317532350
317532925
317531992
317536575
317536668
317536693
317537280
317536616
317535115
317536708
317536689
317537443
317537620
317537452
317537420
317537588
317537534
317537676
317537492
317537583
317537679
317538453
317537527
317537491
317537603
317537623
317537638
317537575
317537686
317537589
317537687
317538388
317537683
317542438
317543118
317543739
317543494
317538260
317537639
317537680
67986251
317539949
317543049
317565510
317565553
316141650
317536694
317537379
317537373
317536718
317537375
317537284
317536735
317536825
317537099
317537374
317537294
317537380
317537351
317565494
317565454
316593319
316593036
300829198
300915536
316624136
316629172
316629173
316626807
316627198
316627293
316627241
316627287
316627298
316627354
316627441
316627467
316627683
300960171
300931736
300943038
316627951
316623845
316664609
316663719
316664116
316663901
316663906
316664129
316638608
316664179
300964790
300963062
300960224
300982550
300982898
300982983
300982998
300983002
300989291
300989249
300980628
300989284
300989100
301012924
301012934
288950589
301012921
301012961
301012915
301012925
301012935
301012964
301012920
301012922
301012923
301012930
301012936
301012931
301012933
301012967
313739502
316804336
315001279
316804772
316805125
316804792
316804791
316804897
316808455
316831659
316833049
316831249
316833042
316833047
316832865
316833046
316832973
316833001
292637132
292637545
316889902
316889993
316890336
327636177
316872966
318770524
316891358
320191094
321834668
316889901
316889681
316889645
316891362
316889985
316890341
316890221
299274502
315293461
300494747
316892711
316893236
316893165
316893367
316894256
316893417
316893440
316893430
316893985
293080873
293081244
293083236
316893851
316901589
293897581
313441321
294195275
317106910
317108483
317104304
317104181
317104361
316494635
315451466
316499995
317104390
315451644
316578480
316496574
316496644
316502416
317104875
316503750
316579213
316504011
316504040
316504059
316504136
316578483
317115774
317110482
317130471
317131359
317131360
317130729
317130530
303913424
317144035
317144297
317144399
317146951
317146737
314203877
325552141
316666028
313267047
321665864
313356473
314062273
319089852
319033265
315875595
313751077
313610891
321574502
306266703
314814617
327576919
313740525
299539245
317128039
317150747
317153825
317161044
317158638
317159781
317159173
317159738
317159753
317159360
317159551
317154257
317159774
317159845
317159547
317158652
317161670
317159836
317159750
317159777
317159900
317159835
317161297
317162068
317129154
317130452
317130486
317161340
317159913
317160749
314056631
317162906
317131046
317131318
317135945
317138358
317159846
317159860
317159905
317156107
317156759
317146964
317147017
317157988
317158626
317158477
317157514
317164192
317164193
317164256
317166373
317164797
317164699
317164312
317165601
317164313
317165064
317164311
317165073
317164823
317164322
317165008
317165071
317161671
317161534
317165803
317165188
317165177
327867062
317165792
317165614
317165821
317150220
317172828
317165813
316627326
317166615
317166366
314809343
300660128
316488435
313695084
314648015
300830019
306834568
312822855
316500938
316501926
312501812
322610926
313091978
321393563
312682758
318786953
317180625
317180441
317180622
317347793
317347765
317347796
317348226
317347760
317347838
316636735
317347925
317347927
317347920
317348067
317348227
317348143
317348030
317348378
317348262
317348050
317339563
317348376
317347186
317181236
317342037
317347183
317341515
317342146
317340913
317340924
317341316
317348375
317342326
317341514
317342317
317341678
317342573
317342570
317347571
317347202
317347577
317359772
317348562
315856783
317364127
309391196
317366667
317351996
317354274
317359670
317357853
315853366
317366638
317375441
317375182
317366270
317366468
317377825
317376650
317371529
317371486
317371573
317366701
317371535
317375271
317375039
317375465
317371594
317371827
317373056
317183560
317183506
317184055
317187684
317371491
317366772
317366787
317373916
317367220
317367156
317372004
317371921
317372412
317367043
317375040
317375457
317367073
317367405
317366998
317367189
317367044
317367241
317367325
317375982
317367072
317367117
317367185
317367297
317367187
317375442
317375206
317367222
317367302
317375462
317375440
317375273
317375463
317367301
317367378
317375477
317364059
317526597
300352525
300352515
317526807
317527123
317527231
317527646
317528297
317528368
317529169
317528393
317531607
317536228
317527186
317528061
317527237
317527209
317527238
312596058
317527403
317527791
317528298
317528011
317528045
317536299
317528392
317528398
317528388
317528241
317536719
317537278
317537288
317536441
317536691
317536711
317536261
317537281
317537381
317536298
317531633
317528395
317536469
317528401
317534443
317536386
317536489
317528389
317528399
317535520
317535952
317529490
317529890
317532785
317536674
317531718
317532786
317533071
317529776
317533768
317379606
317530369
317174941
317606437
317603255
317606462
317611687
317612536
317603114
317603308
317603340
317603074
317603417
317606249
317606279
317603311
317603337
317603413
317603198
317609842
317612890
317606264
317605206
317605449
317605592
317606356
317605313
317605774
317606286
317609007
317613749
317603284
317603414
317603535
317603728
317603327
317603407
317603341
317603328
317603388
317603770
317603335
317603489
317603408
317603422
317603699
317603867
317603888
317603768
317603732
317603791
317604067
317603765
317604069
317603855
317604826
317605031
317604058
317604156
317606263
317606522
317609385
317612936
317603905
317603907
317604202
317604242
317603890
317604050
317604055
317603908
317604234
317604540
317604033
317604241
317604052
317604101
317604671
317604201
317565443
317565505
317565250
317565501
317565439
316594580
317615754
317611584
317611619
317616066
317616224
317621376
317614587
317615914
317632482
317628833
317630535
317630752
317631491
317630345
317628859
315307636
317632501
317632502
317628918
317631487
317629213
317629268
317629405
317629016
317629339
317630310
317629347
317630448
317573560
317629386
317629441
317627464
317618158
317632487
317631481
317632473
317631698
317632469
317631413
317629632
317629717
317630898
317630968
317620114
317628399
317626085
317621961
317628706
317631435
317631486
317632489
317631466
317631482
317632065
317622471
317626448
317627676
317632484
317631474
317621962
317628501
317628272
317627707
317622224
317625567
317626225
317627672
317628515
317623672
317625566
317628421
317624438
316882211
317627666
317628090
317629136
317628068
317627723
317629182
317633964
317628557
317631829
317632409
317573659
316877179
315613792
315613235
315613195
317805206
317632472
317790856
317790970
317791219
317791546
316686124
316686347
316687253
316671882
316687652
316687421
316690031
316690032
316689631
316687926
316688414
300978227
300978219
300978225
316690088
316689877
316690004
300978555
300978387
300969641
300979300
300979368
300978621
300979194
300978700
300999854
300989810
315820798
316639210
316117018
316802480
316802138
316802482
316802551
316804306
316804335
316804656
316804318
316804320
316804422
300314715
316832015
316831876
291956715
292044581
316857105
316873105
316872969
316873118
316873083
316873131
324404890
319045343
304151829
316873413
316873566
313884223
316873419
316878799
316878258
316873594
316876790
316873446
313884230
316874565
316873966
316867268
316874328
316879586
316685797
316880949
316884872
316880006
316881307
316880014
316881227
316880374
316880019
316884338
319067766
316880692
316880704
319044361
316873399
316881266
316881280
316881299
316885159
316881431
316881430
316881638
316881871
316881859
316881882
316881876
316881860
316882531
316885004
316883641
316883644
316671973
316890455
316910842
316910975
316911615
316911281
316911270
316911279
316911613
316912297
316912324
316912424
316912427
316912295
316912308
316912317
316912306
316910206
316915111
316910855
293328369
316912437
293336285
316916816
316912299
324605377
313892265
294040587
294045489
316905491
317100893
317101062
317100890
317100928
317101082
317100919
317101079
317101064
317101120
317101067
317101087
317104003
317103875
317102286
317099439
317101083
317103920
316578983
316578946
316578987
317126138
316579188
317126137
316579195
317128706
316581251
316581734
316582246
316580594
316582852
317128031
316581138
316580261
316579396
316581562
316581946
316593271
316593237
316593230
316886367
316582888
317127828
316582371
316582630
316593161
317128037
316891363
317128715
317130473
316579183
316496747
319540007
321387257
327562524
312401169
321595785
313751935
313894175
314044938
321588795
317147321
317151762
317145097
317150743
317154568
317154264
317154265
317152362
317153624
317155386
317155079
313739221
317175019
317175183
312881433
310567969
307727515
313714273
313462622
300982760
314023989
299541231
302340287
305235331
306343303
306811244
317130731
312497086
317926954
319186679
314063427
317180149
300966047
317183008
317183565
317184003
317183606
317183648
317183605
300343909
300343928
300343932
300344391
300344396
300345790
300345936
317183790
317183973
317176837
317187457
317186003
317187486
317184323
317187969
317187484
317184955
317187458
317186855
317175601
317190666
317175273
317175285
317187145
317187476
317195127
317187488
317187976
317188857
317187981
317188637
317188973
317188661
317188609
317180809
317180786
317188665
317181011
317181271
317182170
317182345
317175416
317181064
317180998
317181274
317182727
317182354
317190948
317189017
317190916
317188998
317182346
317182725
317182173
317183299
317183320
317182590
317182172
317182175
317182190
317182904
317183322
317183508
317182591
317182588
317182763
317183311
317182732
317183317
317178138
317180627
317326105
317328667
317327398
317328763
317329305
317327406
317328627
317328485
317327417
317329013
317327541
317327572
317328796
317334984
317328964
317329041
317328490
317329045
317329035
317329012
317329036
317328968
317329298
317329253
317329237
317329347
317329285
317329822
317329399
317329461
317329804
317329811
317340875
307235082
317347013
317347203
317347569
317347349
317348251
317347497
317384903
317376417
316501982
317565413
317557202
317574168
317573662
317570655
317570298
317575015
317574024
317573661
317570334
317570314
317570889
317570348
317570424
317570508
317574614
317570346
317570811
317570647
317570739
317570790
317570737
317570820
317571690
317571192
317571110
317571545
317570915
317570913
317570917
317572216
317572786
317571872
317568239
317565637
317571686
317572609
317571215
317566718
317571615
317603481
317571762
317567916
317566802
317568289
317573103
317572110
317567416
317542520
317572260
317568233
317573079
317568324
317573488
317568320
317568322
317568330
317568893
317569643
317570216
317569585
317569830
317573104
317573139
317573145
317573474
317571743
317574431
317573407
317573491
317573499
317573454
317573538
317573403
317573487
317574921
317574613
317573556
317805269
317805327
317805332
317814760
317823265
317807866
317808649
317810661
317811987
317811422
317811296
317811968
317811046
317809514
317811084
317811634
317811566
317810059
317811074
317811929
317811967
317791983
317805203
317805265
317805290
317811768
317811982
317810547
317805202
317805270
317805301
317805319
317805600
317805205
317805266
317805271
317805282
317805288
317805279
317805283
317805284
317805333
317805291
317805302
317805599
317805827
317805601
317805687
317805373
317805589
317805598
317805685
317805823
317805690
317805831
317805641
317805652
317805678
317805684
317805691
317805707
317805781
317805682
317805814
317805692
317805784
317805824
317805686
317805832
317805689
317805693
317805782
317805830
317805825
317814416
317815077
317813860
317811513
317805915
317811769
317811969
317811977
317811916
317806349
317806208
317806230
317806195
317806343
317807274
317806444
317806344
317791720
317875713
317884817
317884800
317884823
317892527
317890305
317890501
317890601
317891004
317892903
317893001
317892864
317893031
317892519
317892911
317892520
317892840
317892521
317892843
317892908
317892522
317892867
317892524
317892877
317892261
317892306
317892307
317892312
317892327
317890756
317890879
317892313
317892316
317892347
317892317
317892340
317892381
317892326
317892342
317892341
317892349
317892355
317892350
317892361
317892386
317892362
317892422
317892372
317892392
317892410
317892415
317892374
317892375
317892382
317891200
317892310
317892383
317892384
317892387
317892409
317892394
317892411
317891268
317892020
317892323
317892351
317892425
317892437
317892833
317891336
317891425
317892052
317892297
317892428
317892514
317891389
317891774
317892298
317893036
317893046
317893049
317893055
317893039
317893042
317893063
317893045
317893069
317893088
317891814
317892117
317892346
317892364
317891536
317893054
317893072
317893043
317893022
317893080
317893095
317893094
317891746
317892432
317892513
317892526
317892839
317893537
317923647
317924066
317924359
51530200
317925499
317925270
300942657
302231878
302235148
302235162
302235232
302235529
302252336
302259999
302262339
302276719
302276485
302275925
302303186
302310848
302310947
302310862
302310987
302310894
302310893
302311035
302307907
302308588
302310839
302310823
302310828
302322331
302313968
302345577
302351333
302351300
302351437
302352284
302361434
302353116
302352379
302353201
302353939
302354606
302434082
302352227
317929194
317930581
317929242
317931371
317931097
317931348
317931334
317931376
317932157
317932192
317931440
317930720
83748955
317930430
317931287
317931384
317931316
317931356
317931331
315526008
317931284
317931387
317931290
317931262
317931318
317931344
317931398
317932203
317938677
317938724
300485360
313752517
306126852
286270916
318012494
300351094
300350590
318012920
318013974
302966749
302948492
302963450
302945024
302976721
303004390
302995802
303005104
303003539
303009022
303007136
303007344
303033610
303022346
303035963
303033608
303033611
303033977
303035196
303033702
303033710
303033889
303033898
303034148
303033951
303033974
303033975
303034184
303034155
303034227
303041874
303042448
303042778
303042104
303042431
303042606
303042831
303042781
303040984
303042905
303042904
303042916
303043920
303044095
303044745
303045126
303043660
303042964
303045721
303047978
303040210
303045667
303043457
303052058
303049084
303049522
303050762
303051646
303049310
303051402
303051626
303049561
303050980
303051630
303051523
300989434
247509125
288786982
288787322
288788798
303465104
303465010
303465099
303465009
288784332
303470195
303471008
303471084
303470162
303470165
303470301
303470196
303470628
303470975
288789932
303469105
303470792
303470748
303470793
303471083
303470995
303470750
303470751
303470773
303470753
303465102
303465105
303465347
303465369
303465373
303465374
303465557
303465707
303470297
303470996
303471085
303500950
303501449
303502777
303503269
303507124
303503337
303502365
303498092
303498207
303500369
303508646
303508728
303508730
303508746
303511577
303513071
303508878
303510207
303510595
303510295
303511040
288926486
303508711
303508391
303508714
303515420
303517521
303540755
303542344
303542228
303543900
303545395
317806421
317806359
317806210
317811972
317811828
317811772
317811934
317806341
317806368
317811988
317808688
317812108
317813001
317815056
317812115
317821067
317831876
317838923
317838914
317838922
317839535
317840284
317838969
317839013
317831828
317831873
317838941
317839373
317841893
317842031
317841985
317824078
317826817
317827560
317827114
317827640
317824149
317827562
317841990
317827582
317826750
317828634
317831995
317832181
317832059
317840352
317840386
317840353
317840366
317840446
317834781
317836268
317840452
317840357
317827095
317827586
317827812
317832044
317832277
317832184
317827125
317832054
317827758
317827541
317828089
317832279
317832283
317837592
317835200
317836153
317808987
317835214
317836085
317835607
317827816
317827892
317884948
317885092
317885407
299545452
300525242
317893626
317573405
317893859
317893856
317893865
317893858
317574449
317594186
317604243
317629661
317831887
317892388
317621549
317806234
317894003
317894404
317894592
317894965
317894594
299290861
299294527
299507026
300829529
314208676
316426896
316880010
316902492
317926307
317926414
317926316
317926377
317926306
317926392
317926370
317926375
317926360
317926366
317926325
317926364
317926413
317367285
317925987
317926368
317926391
317921445
317921447
317926362
317926388
317926021
317926022
317926308
317926390
302235918
302240160
302236705
302236704
302236719
302236720
302239639
302240482
302240555
302240587
302240588
302240921
302239516
302239586
302240232
302240055
302240481
302240488
302240533
302240633
302240570
302240571
302240979
302240650
302240577
302240933
302240980
302240999
302241311
302241274
302241321
302241387
302241438
302281172
302276764
302278032
302281456
302239393
302240511
302240554
302240576
302240584
302240982
302324506
302325125
302325663
302325196
302326661
302325544
302325546
302326378
302326000
302326939
302322256
302322343
302322091
302323162
302323168
302323415
302323166
302323420
302323382
302323393
302323837
302331088
302324223
302324237
302326001
302324584
302335556
302335552
302336622
302336208
302335577
302336726
302333933
302333356
302334784
302333039
302335275
302333318
302333934
302334728
302333612
302333778
300339937
302334720
302334780
302336642
302331619
302331597
302364188
302363174
302363967
302363485
302364115
302363984
302364488
302363539
302364119
302363823
302363982
302364224
302364723
302366281
302365491
302367639
302368014
302374370
302366399
302366977
302364798
302368641
302300258
302370012
302370177
302372808
302369113
302374240
302374249
302374250
302375115
302376552
302374025
302371715
302372787
302374247
302375209
302372255
302372596
302373960
302374501
302374028
302374235
302372788
302374237
302376086
302376457
302374034
302373130
302376621
302374524
302373899
302373737
302374013
302374029
302374035
302373895
302374239
302374580
302374629
302375208
302374255
317926450
317926521
317926624
317932205
317931891
300494089
305697671
312581630
300518463
300354508
299498884
316504941
316504683
318012909
317567154
302276723
318012966
318012933
318013967
302937323
302937895
302937608
302937890
302937744
302937885
302938319
302937929
302939096
302994083
303009485
303007399
303009488
303020358
303017500
303017632
303018848
303019671
303020401
303020615
303021765
303020753
303017790
303020616
303021166
303021109
303021451
303021734
303021733
303051834
303051161
303051622
303051627
303047281
303044650
303045406
303047434
303050763
303052765
303052763
303052105
303056097
303056174
303056299
303056305
303056300
303056831
303056297
303057535
303056301
303056572
303056644
303056309
303056312
303056475
303057394
303056347
303056760
303057611
303052411
303052474
303053210
303052853
303053084
303055163
303052943
303054013
303053041
303053043
303055337
303056107
303053073
303053076
303053098
303053211
303055534
303053081
303053080
303053104
303053106
303055617
303053085
303055309
303055336
303055541
303053096
303055540
303053209
303055153
303055912
303055318
303055333
303056303
303067724
303064201
303066257
303064840
303064869
303064845
303065095
303064511
303065085
303064860
303066117
303064302
303064341
303066480
303066471
303066098
303064862
303064842
303064880
303066256
303064843
303064844
303065089
303065455
303064861
303064863
303064873
303065086
303066001
303065332
303065176
303066291
303066000
303066553
303065833
303066122
303066119
303066292
303066685
303066470
303066865
303066472
303066474
303066473
303067374
303066551
303067292
303067311
303042939
287414465
287415517
300525031
317367528
318014024
303033614
303471071
303471073
303470998
303471074
303479126
303487036
303488300
303480034
303478771
303517527
303517282
303517285
303517286
303517456
303517467
303517523
303518087
303518088
303517525
303514811
303522926
303522950
303522462
303522899
303522995
303522524
303522929
303522501
303523047
303523357
303523338
303524566
303523326
303524632
303523718
303518086
303524747
303520790
303518603
303519484
303518607
303519794
303518610
303522274
303518616
303521701
303528185
303528288
303528029
303528096
303530869
303528085
303550638
303550696
303550800
303551838
303552466
303557209
303551015
303543965
303543978
303544179
303544634
303543962
303543146
303544697
303548884
303548137
303545258
303545502
303545461
303545468
303545451
303545475
303545773
303545830
303545648
303545979
303545914
303547485
303545948
303545965
303545969
303548358
303548309
303548200
303550637
303548474
303548316
303549528
303547360
303547388
303548473
303554198
303554918
303554403
303554478
303554978
290012565
318023645
318025035
318023676
318024949
318024058
318024173
318024119
303878326
303878459
303879937
303876346
303878181
300812571
303878231
303878249
303880426
303881565
317604211
317604216
317604257
317604208
317604681
317609115
317609404
317604779
317610076
317610077
317599393
317603556
317602784
317603205
317367404
317609117
317610078
317611089
317610412
317616809
317604199
317828278
317837942
317837779
317837827
317837735
317837873
317833651
317832868
317833565
317833140
317833653
317828864
300488056
317838002
317837915
317838163
317840539
317837936
317838275
317838360
317828901
317836165
317836376
317836485
317833655
317833185
317838286
317836271
317836563
317836099
317836164
317838107
317830651
317830265
317840367
317840179
317839569
317840383
317840362
317839788
317840436
317836562
317836222
317836400
317836482
317838182
317838170
317838210
317833582
317833847
317833855
317833650
317840618
317833848
317836595
317836734
317830484
317830542
317830639
317830784
317837211
317836766
317836687
317837336
317830678
317834632
317834483
317833962
317834012
317833944
317834002
317834086
317831738
317831629
317831870
317831882
317830765
317831888
317831898
317831903
317831022
317831752
317834569
317834150
317834093
317834353
317834484
317834014
317834044
317834098
317834184
317834226
317834096
317834119
317834099
317831827
317839108
317838925
317838927
317838964
317839092
317175283
317838776
317838932
317831302
317831288
317831830
317824123
317818232
317831795
317831345
317836064
317838278
317570562
317919992
317923961
317921219
317921221
317921470
302236701
302250126
302254853
302257988
302248552
302262991
302255402
302283896
302294238
302293300
302293917
302293919
302291506
302290992
302293518
302297122
302292682
302292077
302294214
302293523
302291357
302291382
302307280
302296937
302322344
302337887
302341632
302335560
302339212
302341644
302342428
302339443
302339702
302340038
302341196
302342335
302340056
302340277
302341097
302338519
302337537
302350286
302347941
302346348
302353044
302351117
302352350
302375205
302375383
302375398
302383175
302384326
302385394
302384609
302384636
302382063
302384033
302376373
302384007
302376461
302376565
302376421
302376525
302376567
302377026
302377029
302307549
302378907
302378803
302310845
302378004
302378051
302384656
302384629
302384398
302384642
302384185
302384323
302379105
302383791
302384659
302383857
300960218
300960345
302392408
302384592
302384630
302384644
302384617
302384633
302385469
302385515
302391132
302386078
302386788
302434090
302434092
302434140
302438014
302437981
317928304
317927639
300493972
314062048
317928573
317928673
317928695
317929076
317928675
317928687
317929112
315455398
317928735
317928917
317928936
317928737
317929078
317928853
317928761
317928938
317928937
317929080
317930271
317929077
317929070
317930047
317929198
317929222
317929197
317930299
317929254
317929818
317929247
317930755
317930775
317933362
317938731
317933005
317933337
317933341
313739010
317175238
300352707
303558162
300980768
300361477
317104362
318011499
318011630
318012003
318012905
318012777
318012778
299526143
318012910
318012994
318014237
318017643
318018629
318013388
318014008
318014205
318015358
318013380
318013383
318013401
318013391
318013975
318013403
318014605
318015773
318019305
318014045
302944218
302944198
302944220
302944805
302944824
302944831
302944868
302944872
302945242
302945654
302945409
302945653
302946211
302952735
302965783
302994253
302976028
302993926
302982049
302980915
303003565
303025091
303021963
303022012
303022050
303022344
303022011
303022345
303041201
303036305
303037901
303033605
303033469
303032224
303032358
303032422
303033441
303033607
303033609
303066683
303068740
303066686
303066926
303067313
303068048
303066931
303066927
303066929
303066933
303067287
303067308
303067340
303060742
303061535
303062780
303056926
303067315
303067318
303061554
303064137
303061873
303063128
303063284
303063680
303072579
303056296
303072443
303072924
303071780
303072023
303072435
303072141
303072249
303072117
303072431
303072153
303072870
303072452
303072417
303072441
303072454
303072453
303072603
303072873
303022321
303022354
303072593
303072923
303072869
303073314
303072988
303072989
303073302
303073164
303073310
303072997
303073076
303073787
303073382
303076195
303075918
303070315
303070645
303072428
303072433
303066116
288783889
318012776
318012779
318018500
316504230
318019686
318019383
318019118
288785379
288786067
303495429
303496882
303495799
303495367
303495376
303496034
303495811
303496091
303497533
303497013
303494927
303495437
303495728
303496564
303496618
303495459
303494975
303495729
303495373
303495146
303495458
303494981
303495117
303494983
303495118
303495105
303495120
303495734
303495380
303495806
303499522
303507263
303528625
303528981
303529407
303529558
303529884
303528919
303529552
303529208
303529409
303529555
303528974
303529207
303528993
303528992
303529559
303529562
303529593
303529899
303529918
303530425
303530073
303530540
303528094
303526879
303527127
303527034
303535546
303527758
318021341
318021582
318023104
303535541
303535715
303536116
303538869
303539687
303558224
303560577
303558483
303558000
303552733
318021753
317840541
317171456
318025199
303896463
303896465
303896486
303898947
303899579
303897959
303881135
303881211
303881502
303881187
303887845
303881383
303881389
303881390
303881569
303881760
303923297
294048744
303916176
303967210
303981674
303981649
303981675
303981678
303981427
303982232
303982500
303983766
303982269
303982501
303983294
303983832
303984490
303984728
303984844
303985165
303984848
303984604
303985296
303985479
303985231
303984666
303984730
303985294
303984669
303984724
303984686
303984720
303984729
303984780
303985180
303984723
303984735
303985295
303984948
303985951
304146631
304146572
304146595
304146599
304146724
304146610
304146617
304146983
304146877
304146723
304146730
304146837
304147872
304146993
304153670
304152000
304152003
304151984
304152793
304151996
304152086
304151995
304152005
304152726
304152009
304152012
304154250
304152893
304152768
304152004
304152021
304149418
304149674
304149673
304149472
304149430
304149553
304149440
304149554
304149511
304149441
304149607
304149676
304149549
304149552
304149635
304149638
304150495
304150713
304151368
304151453
304150626
304151447
304150585
304150800
304150550
304150646
304150827
304151448
304151727
304151702
304151841
304151577
304151546
304151527
304151925
304151821
304151820
304151541
304151592
304151726
304151870
304151795
304151927
304151800
304151718
304151919
304151928
304151918
304151840
304151860
304151979
304160330
304160338
304155033
304154484
304154680
304154571
304154570
304154793
304154673
304154649
304154663
304155230
304155206
304154841
304156176
304155560
304155630
304155577
304155601
304155608
304155593
304155603
304155791
304155766
304155599
304156215
304155767
304155631
304155702
304155705
304155797
304160307
304155704
304157765
304156516
304160340
304160211
304155752
304156349
304157734
304160520
318037698
318041877
318039252
318040074
318053125
318053832
318054218
318052422
318052497
318050819
318050821
318052794
318051282
318051140
318051277
318051370
318052444
316873411
315843291
318051281
318051480
318051472
318051648
318054260
317923577
318051850
318053668
318054403
318069552
318072399
318072180
318072494
318071958
318073295
318072936
318073149
318073030
318072253
304505254
304505255
304503755
304504065
304504066
304513504
304513506
304513507
304513512
304509650
304509666
304509725
304509727
304510027
304510040
304510092
304509814
304510043
304509815
304510072
304510049
304510055
304510070
304510186
304510238
304510612
304510480
304510232
304510620
304510478
304510329
304510481
304510629
304510477
304510604
304510482
304510492
304510623
304510645
304510649
304510661
304513486
304513493
304510625
304510636
304510639
304510628
304510630
304510647
304510663
304513499
304510640
304510646
304513485
304513502
304510642
304510949
304510952
304513488
304513501
304510643
304510953
304513495
304513505
304510644
304510800
304510944
304511024
304513491
304510651
304510658
304510936
304513497
304510652
304510656
304513492
304510780
304510916
304510785
304513500
304510913
304544420
304545782
304542777
304542766
304543267
304546102
304526678
304546053
304546070
304548199
304547989
304548093
304548000
304548095
304548006
304548178
304548112
304548117
304548202
304548193
304548194
304552438
318075805
318073975
318075819
318078472
318077434
318074558
318079148
318079758
318082184
318083314
318082670
318074430
318074707
318075754
318075826
318074818
318076109
318076458
318075843
318075867
318075917
318075971
318076027
318076049
318075942
318075973
318076337
318076340
318076507
318077449
318077954
318076789
318076026
318076574
318076142
318076819
318076508
318076256
318082130
318082465
318084008
318084012
318084436
318084783
318084450
318084292
318076593
318082468
318084305
318082376
318082669
318082493
318082364
318084231
318084262
318084329
318084684
318084346
318082660
318082685
318079863
318078706
303552735
318082930
318084389
318079607
318079999
318080444
318081353
318082182
318080197
318082337
318082659
318082807
318080864
318080591
303553769
318084836
318085163
318083554
318077119
318083829
304555720
304556021
304555987
304556005
318085321
318085293
304556123
304556248
304556126
304556309
304556256
304556371
304559589
318085674
318084348
315754556
315425652
318218131
318218146
318218147
318218154
318218149
318218247
318218786
318218156
318218151
318218248
318218181
318218425
318218549
318218285
318218295
318218294
318218468
318218300
318218388
318218550
318218419
318218422
318218490
318218597
318218479
318218828
318218826
318219045
318218743
318218785
318218827
318218845
318219064
318219275
318219573
316873389
318222530
318222354
315450525
316876431
316595445
318222396
318222398
318222401
318222380
318221609
318222343
318222531
317173900
318222416
313089965
318222377
318222477
318222503
318222356
318222375
318222011
316595447
316877328
318222508
318222519
318219574
316595401
318224369
316873272
318227184
300462267
304869305
304913281
304913228
304913063
304910704
304913466
304915792
304913469
304913094
304913086
304913254
304913227
304914183
304915148
304923043
304919491
304919939
304918776
304919792
304919139
304919797
304919916
318222381
304926078
304923923
304929707
304925379
304930298
304924226
304931368
304962241
304963511
304962803
304962641
304963512
304964112
304964524
304964116
304964530
304964115
304966020
304982569
305041431
305041448
305041307
305040801
305041486
305041487
305040325
305040846
305040864
300836160
305041414
305041526
305044339
305041489
305041519
305041572
305044337
305042775
305041530
305041972
305041577
305042805
291946358
318230590
305182463
305181941
305182120
305182461
305182414
305182437
305182438
305182458
305182468
305182441
305182466
305182757
305182763
305182516
305190928
305182764
305187896
305182737
305193290
305193727
305192874
305192717
305193764
305193304
305192633
305192866
305193133
305193403
305193301
305193762
305193768
305202908
305197398
305233827
305236495
305242423
305242242
305244820
305244410
305245486
305233556
305233510
305234960
303553743
303551290
303551571
303557239
303552078
303552224
303553768
303553744
303553762
303553787
303553901
303553770
303554055
303553789
303557304
303558133
303558225
303557211
303557300
303557251
303558126
303557838
303557821
303557299
303558158
303557997
303557617
303558765
303558156
303558118
303558564
318019921
303558165
303558532
303558067
318021238
318022897
318023010
318020223
318021137
303508356
303882186
303888023
303888102
303889555
303884787
303886367
303887847
303886903
303887860
303890636
303891889
303887781
303887918
303888111
303888343
303888330
303888462
303888737
303888396
303888469
303891477
303893193
303892569
303896626
303921581
303924088
303923391
303925287
303925573
303927544
303555613
303935439
303935541
303935438
303940426
303933789
303935281
303937251
303935536
303935953
303935974
303936321
303936529
303935770
303935973
303935994
303935774
303935791
303936794
303935891
303941376
304120511
304120629
304120647
304120374
304120600
304121035
304117480
304121105
304121132
304121040
304122590
304121136
304117604
304120655
304120618
304121101
304121122
304121725
304121123
304120649
304120625
304121139
304120641
304120642
304120889
304120643
304120650
304120651
304120601
304119430
304119582
304120644
304119603
304120614
304121926
299536152
304129949
304129455
304124326
304129656
304130931
304124575
304124576
304124592
304124593
304124590
304124554
304124594
304124597
304128163
304129779
304127992
304124599
304157945
304157994
304157732
304158362
304157873
304158046
304157999
304157872
304158029
304157995
304158045
304158786
304158039
304157997
304158005
304158363
304158054
304158056
304157959
304157967
304157966
304157951
304158023
304157971
304158769
304158827
304158731
304158785
304160014
304158811
304158871
304158783
304158791
304159909
304158795
304158813
304158830
304160136
304158937
304160015
304158837
304158844
304158840
304159361
304160326
304160455
304160333
304160331
304160401
304160348
304159750
304160344
304160471
304160507
304160349
304160583
304160588
304160346
304160473
304162277
304162448
318028542
304158000
304158050
304157947
304146845
318025351
318025242
318025370
318025365
318025392
318025395
318026755
318025398
318025667
318025668
318025666
318025700
318027818
318025701
300523999
317840617
318040465
318039413
318043594
318054822
317187157
318054731
318054852
318054415
318054426
318054409
318054411
317187675
318055483
318056846
317375849
318058482
317379879
314808285
317840372
318056681
318056832
318056961
318056854
318057544
318056841
318057563
318057471
318057113
318058368
318065022
318064863
318065553
318064920
318064926
318066382
318065249
318065580
318065549
318067145
318066742
318065503
318066341
318065489
318065814
318065546
318065797
304155224
318064410
318066853
318067150
318071859
318071306
304519456
300518196
304518042
304518048
304518046
304518113
304518111
304519116
304519179
304519461
304518287
304554852
304548804
304550279
304550649
304550505
304549641
318073893
304550933
303982884
304552010
318073958
304555699
304555261
304555542
304556109
318075802
318077985
318084784
318084680
318084447
318085164
318084841
318085123
304559677
304560039
318084981
318085007
318085344
318085143
318085296
303552731
303552738
318085280
318085332
318085338
318085339
318085291
318085292
318086454
304555681
304555970
304555692
304555711
304560231
318085341
318085335
318085304
318085328
318085331
304562053
304562084
318085326
318085597
318085325
304562071
304562166
304562250
304562248
304562247
304562249
304559688
304559973
304560037
304559825
304559710
304559713
304560019
304560008
304560046
304559815
304560017
304560003
304560022
304560029
304560068
304560072
304561305
304560076
304562182
304560086
304560091
304561818
313876991
318093299
318085297
318226918
316872944
316872971
318217110
318217427
304881378
304881381
304881965
304885880
304560074
304885323
304931694
304926108
304931404
304930975
304931695
304932740
304933016
304933213
304941284
304933529
304933883
304940137
304934336
304939760
304938819
304934426
304934497
304934464
304937133
304934508
304941272
304934523
304938808
304938579
304941510
304938821
304938926
304939327
304942198
304939048
304939234
304939140
304939408
304941212
304940360
304941113
304941509
304943041
304947286
304947680
304992183
304992265
304978179
304979653
304991720
304992969
304992450
304991448
304992134
304991983
304993058
304991945
304992458
304992132
304993034
304992479
304992454
304992481
304992617
304992513
304992975
304994209
304993492
304993949
304994186
304996828
304993950
304993501
304993962
304994021
304993726
304996767
304994218
304994422
304994206
304994017
305006942
305005358
304994216
304996596
305005540
305005782
305005538
305005862
305006018
305006835
305010719
305013597
305007306
305006570
305005633
305006415
305006576
305005634
304997106
299749270
305003617
305002560
305006832
304999837
305170758
305174064
305167402
305170634
305170655
305170675
305162108
305170674
305170676
305170677
305170814
305016161
305174471
305172419
305172420
292194881
305201242
305199829
305220315
303022319
305246529
305246782
305246477
305242318
305246928
305246493
305234968
305234970
305234973
305239087
305235080
305235083
305235091
305236447
305235097
305235102
305235322
305236016
305238068
305242930
305242995
305252793
305254686
305254687
305252861
305273228
303898707
303899459
303899762
303900195
303901072
303900253
292636048
292637497
292637598
303923167
303916234
303909076
303905720
303920355
303921629
292757468
303938259
303938773
303938555
303938748
303938651
303938918
303938777
303938949
303938878
303939382
298971600
303939031
303939052
303939042
303939049
303939084
303939053
303939050
303939377
303939082
303939212
303939279
303939280
303939798
303939384
303939486
303939771
303939492
303939856
303940357
303939550
303939793
303947856
303940029
303939554
303939719
303940852
303939814
303939792
303939815
303940618
303940776
303940298
303940003
303940028
303940107
303940462
303947847
303953285
303953349
303953440
303948084
303947867
303948080
303947922
303947916
303948256
303948259
303947939
303948250
303948261
303948098
303947997
303948088
303948298
303953340
303948254
303948558
303948399
303948266
303949879
303948402
303949419
303949695
303948435
303948520
303948557
303948436
303949067
303953969
303952930
303948434
303952931
303952753
303952798
303953565
303953567
303952916
303952733
303949690
303950245
303950107
303950112
303949775
303952751
303950928
303953369
303953392
303940843
303954367
303954350
303954346
303954368
303954549
303955634
303954541
303954530
303954532
303955777
303954533
303957009
303956122
303954544
303954608
303955123
303955443
303955124
303955200
303956657
303956788
303955618
303956807
303957001
303958303
303956763
303958286
303958295
303959825
303958359
303958301
303958427
303958304
303958420
303958428
303958348
303958754
303958533
303958425
303959643
303958898
303958517
303981650
303982564
303982549
303959644
303958780
303959642
304131567
304127267
304127792
304127477
304132773
304127804
304132197
304133021
304133565
304133001
304134153
304134013
304133133
304133348
304133079
304133593
304133810
304135079
304143498
304133704
304133746
304134878
304134558
304135375
304134632
304135291
304124526
304138991
304135381
304135380
304135407
304138812
304135374
304135391
304147630
304147004
304147015
304143631
304144185
304143740
304143634
304143673
304143696
304143751
304146521
304143793
304143837
304127790
304149216
304147524
318037734
318044909
318045236
318045516
318045759
318047288
318051097
318045783
318044396
318044472
318048000
318046541
318057540
318057484
315511047
318057562
318061732
318063141
318063524
318063617
318064407
318063618
318063654
318063881
318062389
318063525
318063142
318060573
318061429
318063512
318064408
318071862
318072921
318072186
318070063
318073029
318073455
318073802
318068133
318070060
318072287
318073522
318071743
318069522
304160509
304133036
304527582
304538231
304519589
304519512
304519552
304519557
304519588
304520679
300989743
303983307
304523210
304523333
304525904
304523385
304523408
318073892
304555553
304555560
318073942
304555590
318075583
304555990
304556016
304555630
318078020
318078131
318085422
318085585
318086073
318085298
300806330
318063518
318073415
313738517
318215998
318216112
318219553
318220855
318219116
304901889
304913135
304913190
304913341
304901239
304885879
304900410
304913338
304913279
304909659
304908437
304943040
304947232
304943465
304945280
304945163
304945283
304944585
304945373
304944066
304944359
304945282
304945422
304945426
304945284
304945371
304945423
304945375
304945402
304945427
304945472
304947803
304948177
304946053
304947832
304947717
304947471
304947718
304947599
304948536
304950888
304951423
304951188
304948676
304951531
304951901
304954220
304957574
304999835
304999948
305005115
305003376
305003550
305006647
305006743
305001325
305006645
305004195
305006652
305006793
305007190
305001860
305003489
305005125
305005111
305002645
305012595
305021936
305010501
305013217
305013632
305022274
305021947
304961509
304965166
305012834
305012105
305013596
305012616
305013635
305021064
305021034
305020774
305021030
305012831
305013183
305013558
305006836
305013841
305014573
305015478
305014516
305014079
305013881
305015142
305013885
305015498
305014561
305015477
305014987
304928810
305014365
305014575
305015454
305014985
305014071
305015486
305014072
305014366
305015147
305014774
305015495
305015482
305015563
305015488
305015484
305014990
305015494
305015586
305017492
305017470
305016072
305020642
305021100
305020243
305018029
305020310
305022000
305016507
305018002
305016509
305020838
305019200
305020837
305016673
305016795
305018003
305005537
305020244
305020834
305020775
305021062
305020833
305020842
305021041
305021038
305021713
305024213
305004169
305023041
305023212
88186593
305151054
305151052
318234102
305177682
305178364
305180922
305178744
305180973
305182448
305183097
305201418
305229474
305229747
305227898
305229200
305229586
305229442
305230913
305230227
305229592
305233228
305233651
305230542
305230975
305229131
305231021
305230443
305229585
305230228
305231222
305233509
305232420
305229948
305232053
305230764
305251141
305252181
305252189
305251354
305250409
305250716
305251255
305252379
305251054
305251252
305252154
305252368
305252445
305259290
305261369
305261388
305261659
305261678
305261679
305261801
305261500
305261390
305261664
305261670
305262197
305261495
305261533
305273251
305262720
305275789
305275343
305275839
305262241
305273237
305275808
305275684
305273227
305276201
305274187
305274712
305274243
305275532
305274279
305275776
305275787
305275790
305275788
305275433
305275219
305276516
305276535
305282515
305277110
305281803
305282503
305279522
305282340
305282508
305280181
305282339
305282342
305280150
305292522
305293416
305292300
305293553
305303641
305303660
305305563
305305385
318245705
318256638
318256086
318222467
318256306
318075994
318257441
318257064
318257203
318256734
318259476
318266195
318272219
318285129
318290489
318291920
318291716
318291875
318293266
318302677
318303077
318303257
318303072
318303324
305480051
305480454
305481489
305487198
305480917
305482725
305482997
305483689
305484777
305480444
305481107
305480451
318301768
318302348
318302225
318302881
318302472
318301900
318302668
318302234
318301889
305488428
318301011
318303071
305490344
318302680
318302891
318303078
305501034
305497274
318304060
305492976
318303842
318303432
305504761
305502002
305501036
318303568
318304225
318304590
305502420
305498187
305501275
305501084
305502382
318304338
318304337
318302060
318307468
305504880
305505699
305504882
318295868
318304374
305501285
318303276
318304449
305504981
304133180
318307626
318307630
318308484
318307724
318308582
318308034
318307915
318307996
318307967
318308036
318307891
318308037
318308003
318308007
318308380
318307878
318307968
318307901
305507813
305550929
305550142
305549151
305550530
305550810
305550989
305553770
305549465
305551212
305550623
305551232
305550992
305551607
318313219
318313196
305550282
318313026
318313221
318313300
318313239
318313220
318313266
318313188
318313303
318313203
305542294
305555020
305546722
305545690
318317209
318317530
318315866
318314775
300818295
318316966
318316984
318316978
318317535
318312866
318313694
318313704
318313727
318315239
318315910
318316211
318315888
318314113
318314386
318315908
318316151
318315108
318316201
318314447
318314846
318315608
318314448
317627465
316381513
305660218
315317139
305659983
305660708
305661549
305660651
305660641
305661577
305662372
305667381
305662196
305668899
305662224
305664211
305662175
305662382
305662442
305668828
305659355
305662232
305672577
305676348
305672661
305708570
305708607
305708688
305708731
305708690
305708698
305709018
305709377
305708932
305708866
305708976
305709114
305709040
305708968
305709129
305709009
305709067
305709035
305709017
305719522
305709136
318418749
318419671
305709408
305709385
305709417
318419670
305709784
305709811
305710590
305709441
305709769
305717252
305709881
305709917
305718534
305718540
305717305
305717327
305718070
305717295
305717325
305717317
305717324
305711907
305711594
318419705
305718650
305716570
305711249
305718894
305711465
305711900
305711653
305711291
305717046
318420052
318419755
305711437
305717011
305712597
305716311
305711459
305716515
305716622
305717220
305718085
305718000
305718151
305718782
305716539
305716794
305708787
305718822
305718826
305717951
305719256
305718806
305719359
305718076
318419667
305718149
305718370
305724858
305719462
305719550
305720270
305719698
305719718
305720245
305720224
305719642
305719708
305719706
305720271
305720267
305719734
305719722
305719726
305719766
305719752
305719762
305719763
305721598
305720242
305722464
305722178
305721074
305721179
305724961
305721467
305720806
305724117
305721300
305721988
305721114
305721077
305721954
305721337
305722468
305721874
305721743
305722434
305719405
305723105
305553994
305722791
305723224
305723176
305723277
305722792
305725224
305725063
305723174
305722883
305725090
305723308
305723436
305723021
305724926
305723375
305723872
305723403
305723217
305724519
305724520
305723274
305724846
305723302
305724298
305725252
305724827
305735743
305727883
305725270
305726259
305725619
305725699
305725579
305725664
305725340
305726912
305726068
305725678
305725695
305726038
305727879
305725402
305727159
305725471
305725669
305725698
305727880
305725627
305727758
305726392
305725857
305728029
305726703
305727833
305725480
305726172
305728083
305725566
305725645
305726876
305725909
305725961
305727805
305726171
305728033
305728081
305726094
305728032
305726639
305726886
305728040
305708267
305728039
305728034
305728031
305728028
305728035
305728036
305728515
305853706
305852380
305856138
305852842
305853308
305856146
305856137
305853711
305856196
305856216
305856213
305856219
305857298
305856220
305856625
305853928
305855621
305855991
305856003
305855999
305859794
305858309
305261634
305261635
305261667
305275535
305275436
305275849
305264478
305267304
305268694
305268530
305269461
318232957
318242823
318247875
305263128
305263105
305289570
305291144
305290615
305291323
305245995
305275802
305291178
305291307
305291506
305291504
305291469
305291569
305292948
305292958
305293793
305291897
305291856
305291510
305292298
305291896
305292285
305291943
305295774
305294792
305287428
305314113
318238539
318241735
318241734
318240455
318240072
318254844
318256312
318255301
318254679
318257433
318233577
318222400
318261737
318276064
318272520
318277408
316873445
318296323
318296367
318295870
318296513
318296401
318296758
318296376
318296515
318296190
318296194
318291779
318297656
318297200
318296368
318296482
318296639
312904440
318296803
305457377
318296856
318294684
305458599
318294944
318295135
318295056
318294972
318294945
318294999
318295745
318295751
318295232
318295231
318294949
318295248
318295744
318295134
318294950
318295246
318295245
318295241
318295491
318295561
318295631
318295242
318295395
305466821
318299897
318297479
318297521
318297480
305467158
318297481
305467223
305469460
305467447
305467591
305467224
305467234
318297520
318297739
318300190
318300130
318300851
305468628
305469458
318297564
318299776
318300163
318297637
318297658
318300036
318297767
305468773
318298705
318297841
305469079
318297871
318300118
318298153
318298064
305469370
318299767
305469549
305469559
305469652
305470013
305470057
305469653
318299076
305469950
305469985
305470234
305469955
305470000
305470014
305470059
305469401
305314073
305469992
305476276
305478826
305473751
305474789
305470684
318294951
318300919
318300622
318300591
318300850
316873119
318300780
316873082
318300635
318298704
318300636
318300831
305474851
318300847
317173951
318300859
316873130
318301008
313888446
318300881
318300925
318299467
318299769
318297517
318296861
305469495
318301015
318301034
305479554
305479835
318302771
318301216
318301865
318300860
318301219
305479848
318301579
318302245
318301222
318301227
305479956
305536790
305535050
305535834
318310546
305537131
305537174
305536673
315008066
305536789
305536375
318310668
305538872
305537162
305541280
305541332
318310184
318253527
305535917
318312489
318313006
318312996
318312867
318306845
305547811
318310997
305546152
305547020
305542092
305542279
305543643
305542168
305542424
305542171
305542425
305542319
305542229
305543999
305543259
305544672
318307998
305542285
305546036
305543051
305543843
305542444
305544288
305543280
305546822
305547312
305547569
305546345
318311806
305543771
305547921
305547317
318313000
318313268
305547473
305545796
317929223
318053667
318254588
318254978
318295398
318295604
318295669
318295743
318300849
318301018
318304229
318306155
318306502
318306861
318306990
318307464
318308009
318310669
305544918
305544928
305544923
305546347
318308862
305545090
305545330
318313267
318313468
305547747
305547925
305549447
305549523
305548527
305548738
318325520
305547867
305693324
305701565
305687566
305701743
305696102
305695075
305695947
305696845
318410128
318410407
318410744
318410484
318412312
305702189
305703277
305701955
305702291
305702116
305702190
305702221
305703519
305702234
305702846
305704474
305703202
305703414
305704749
305704816
305705022
305705508
318414839
305704851
305705002
305705059
305705080
318412793
318417682
318413996
305704763
305705471
305705754
305705507
305705481
305706661
305705927
305706433
305706450
305705848
305705726
305706047
305705715
305705882
305705735
318406146
318406325
305706664
305705899
312627534
318406518
318406864
318406996
318407828
318408592
318408673
318414880
318408858
318407457
318414574
318409337
318409148
318409375
318409335
318408735
318409143
318408705
318408729
318084760
318408704
318408746
318409349
318409336
318409141
318409329
318409450
318413943
318413420
318409570
318409312
318409310
318409544
318409401
318409317
318409371
318409400
318409402
318409407
318409445
318409495
318409678
318409498
318409447
318409496
318410067
318410304
318410642
318409952
318409499
318409550
318409771
318411578
318409722
318411648
318411234
305718450
305706662
305717098
318417966
318417404
303950886
305708470
305707023
305707207
305715187
305716151
305708091
305708520
305707691
305708270
305708558
318419969
305845289
305845304
305845305
305845307
305845309
305845341
305845685
305845688
305845367
305845368
305845481
305845369
305845628
305845638
305845944
305845687
305845370
305845516
305846027
305846660
305846677
305846654
305845388
305845632
305845937
305845622
305845389
305845626
305845653
305845515
305845686
305845613
305845683
305845936
305846037
305845625
305845695
305845973
305846035
305845946
305845651
305845942
305846001
305846072
305845935
305845971
305845938
305845943
305845947
305845948
305845969
305845972
305845974
305845975
305846041
305846518
305846028
305846476
305846033
305846519
305846034
305846038
305846420
305846505
305846746
305846436
305846517
305846449
305847167
305848312
305851750
305851542
305847176
305848306
305851623
305858529
305861594
305861948
305851398
305851418
305851399
305851404
305851569
305851400
305861178
305862017
305858646
305858990
305858656
305859125
305858595
305861947
305246495
305246500
305246501
305246760
305246769
305246765
305246767
305246775
305246778
305246770
305246926
305245534
305246479
305246503
305246498
305245498
305245513
305245984
305245512
305245514
305245515
305245986
305245987
305245826
305245751
305245881
305245740
305245746
305245966
305245999
305246927
305245997
305246478
305246474
305252377
305249364
305252893
305253060
305252985
305254808
305254859
305254924
305255121
305255466
305256751
305259416
305256846
305245735
305274258
305254702
305261120
305262744
305263100
305258806
305263236
305263168
305263044
305263162
305263257
305263212
305263238
305263154
305263164
305263136
305264416
305263163
305263382
305263472
305263213
305263172
305260321
305284971
305284967
305284995
305285045
305285090
305285136
305283904
305282809
305282574
300836306
305282847
305284964
305284973
305282813
305282811
305282898
305283905
305282875
305285043
305284042
305284922
305284553
305283957
305284711
305284043
305284044
305284045
305284920
305284923
305285044
305285089
305285092
305285142
305285141
305285781
305288577
305285782
305285814
305291176
305291181
305291501
305286378
305286919
305287519
305287272
305287835
305289085
305290321
305291322
305304209
305304532
305304533
305305634
318233180
318235553
318237790
318247898
318247194
305235086
318254533
318257347
318260708
318260847
318262051
318261067
318265661
318261330
318263960
318260984
318261430
318265629
318272249
318272104
318273483
318277248
318284999
318285204
318285000
318284859
318283897
318285324
318286275
318285474
318285478
318285761
318286407
318285514
318285516
318285528
318285880
318292362
318292288
318292404
318292484
318293714
318293063
318294443
318294747
318292548
318293719
318293910
318292994
318292775
318293722
318292903
318294675
318294819
318295136
318294401
318294315
318293544
318293550
318293421
318293545
318293928
318293958
318294618
318294054
318295741
318295251
318295250
318295606
318295411
318295664
305284924
318295629
318297260
318295859
316874331
318295852
317174870
318295886
318295862
318296642
316873599
304881952
318296845
318296754
318308022
305508684
318304666
318307604
318307616
318305222
318305096
318307463
318308027
318304879
318305820
318304963
318307617
318307462
305514205
305513485
305513549
305513231
305513941
305514345
305513536
305513995
318306416
318307467
305513969
305514054
305514193
305514174
305514190
318306871
318307606
318307629
305514212
305514559
305514971
305514220
305516120
305521913
305514347
305514372
305517927
305514317
305514316
305514351
305514359
318308226
318308863
318308387
318306847
318306870
318306980
305515702
305516365
318309497
318308462
305522429
318310666
305523405
305014572
318308818
318308954
318309321
305526105
305527018
305526166
305526640
318309172
305530879
305531134
305531214
305526950
305531325
305531657
305533151
305527154
305527143
305531802
305527609
305527348
305527281
305527300
305527309
305527330
305527987
305527589
305527346
305527519
305533216
305533693
305527583
305527979
305528050
305498147
305522642
305526203
305526576
305527563
318310374
318311145
305528233
305528278
305532161
305528959
305530268
305531137
305532372
305534099
305532192
305528823
305532371
305515183
305529255
318306215
305529263
304160390
318309823
305532741
305532763
305532755
305534618
305534564
305535390
305534946
305466036
318318773
290282102
318318067
318318876
305290995
305669022
305669043
305669023
305669045
305669291
305669208
305669054
305669267
305669378
305669055
305669220
305669226
305669287
305669380
305669461
305669293
305669313
305669395
305669630
305669692
305671389
305671827
305670793
305671435
305671387
305671494
305672645
305678727
305672595
305672611
305672393
305672646
305672716
305672305
305672606
305672615
305672286
305672247
305672743
305679843
305672713
305679840
305672777
305672397
305672714
303947908
305678063
305678565
305679842
305679866
305680943
305679968
305680853
305680888
300462183
305680034
305680544
305680304
305546343
305659847
305660039
305680897
305680487
305680728
305680865
305680473
305680666
305681829
305682063
305682076
305683144
305683693
305683712
305682066
305682103
305682394
305682789
305682185
305682614
305683366
305682747
305682384
305682749
305683686
305683706
305690910
305689050
305695536
305729045
305729198
305732020
305735612
305732799
305733668
305733653
305734621
305734856
305735414
305702645
305835981
305835990
305835982
305835984
305837572
305846509
305846520
305846521
305846552
305847147
305846684
305846558
305846657
305845225
305845286
305845340
318419985
305862963
305862997
305863309
305877714
305877689
305878319
305872358
305866170
305872188
305872153
305878381
305877806
305878760
305872091
305872110
305877901
305878549
305861789
305872069
305880258
305882413
305874294
305874463
305878785
305879048
305882416
305883245
305883647
305874522
305874609
305882199
305878769
305874351
305874355
305874597
305874595
305874526
305878961
305883540
305874580
305874553
305874598
305882371
305882337
305882400
305882563
305883242
305874679
305874672
305874852
305874818
305874890
305874678
305874817
305874841
305874849
305874775
305874816
305862061
305862891
318420053
305862589
305918188
305919796
305929000
305929191
305929463
305929347
305929348
305929444
305929446
305929451
318419975
305929594
305929607
305929608
305729333
305939429
305938401
318429154
318431405
318430610
318432308
318430639
318430773
318432567
318431041
318432529
318431373
318431406
318437582
318433222
318429316
318429763
318431005
318431334
318430288
316880708
316880701
318439039
318439201
318440046
318440039
318432580
318432904
318438956
318438760
318432914
318439743
318433105
318439616
318450048
318449265
318449335
318450928
318450778
306077029
306066511
306066463
298944501
306066807
312603033
306070713
306067044
306067499
306067249
306069942
306070149
305710560
306072115
306071311
306091235
306094744
306091301
306091297
306092368
306081919
306086047
306085341
306085700
306088248
306085923
306097283
306090358
318452203
318444702
318444663
318451429
306090093
318451430
306090418
306091971
306091782
306112975
306108484
306100369
306101908
306101993
306105128
306103539
306102715
306104638
306105518
306103613
306103427
306103708
306111526
306104594
306104534
306104618
306105051
306110422
306104723
306105930
306105157
306105616
306105728
306105642
306106068
306105646
306105734
306105725
306106538
306113083
318458533
318458527
318458795
318461522
318459114
318461606
318461610
318453984
318462012
318461801
318461842
318460295
318461523
318453277
312005076
313884670
305883543
318547866
318547905
318547906
318547912
318547910
318547909
318547937
318546568
318546640
318546655
318546656
318546657
318546662
306280371
306281365
318551104
318551121
306263503
306265061
306278133
306273426
306263609
306265294
318551325
318551587
318551494
318551369
306264447
306273691
306272230
306272535
306278733
306264858
306280996
306281524
318547855
318547900
318548050
318548034
318548036
318548045
318548003
318547939
318550119
306266768
306266770
306270091
306266769
306267052
229594703
306270338
306270520
306270230
318548052
318550864
318550497
306267027
318549491
318548149
318548341
318549634
318550398
318550343
318550341
318550709
318550534
306267570
307163646
317164387
318549615
318549619
318550930
318551438
318548448
318548451
318549616
318549329
306270734
306270735
306270743
306270781
306271319
306271298
306270787
306271287
306271322
306271713
306272474
318549830
318549774
318549886
318549657
318549667
318549661
318549956
318550044
318549884
318549674
306261582
306271845
318549852
306271904
306281369
306271880
306273609
318549832
318549810
318549835
318549812
318549873
318549842
318549844
318549860
318549864
318549876
318549871
318549946
318550043
318550110
318550108
318550042
306263049
318557212
318554620
306289834
306307063
318551106
318551498
318552451
318552129
318557157
318551592
318551845
306281367
306281573
306295578
306281575
306293601
306281541
306281574
306282582
306283322
306281576
306283321
306284086
318555368
318556613
306294275
306282179
306295546
318552130
306288469
306307129
306350029
306349890
306350018
306350023
306356472
306350850
306350847
306350522
306350588
306350591
306350582
306351099
306350851
306351096
306350840
306350848
306350595
306350846
306350841
306350845
306350844
306359518
318569515
306355599
306351762
306356600
306354116
306358105
306358163
318573220
306358215
306357457
306358107
318571221
306358556
306359464
306358248
306358254
306359009
306359317
306358257
306359207
306358357
306359206
306358583
306358832
306358572
306358284
306359146
306358565
306358582
73543921
306359208
306358562
306358576
306359166
318573067
306371931
306371610
306359427
306359302
306359236
318573238
318572562
318569513
306359435
306359463
306360227
306359561
306359523
306359660
306359638
306360228
306359529
318573049
306359845
306362263
306359581
306359582
318573287
306360039
318572783
318573928
306373115
318571578
318573249
318572900
306372595
318569767
306372605
306372445
299482379
318570012
318570133
306371890
306370260
306372286
306372076
306372448
306362726
318571449
306364984
306364462
318571585
318571242
306364014
306364714
306364598
306364162
306371416
306372328
306371881
306364461
306364653
306364328
306364571
306364666
306370639
306372167
306364643
306364671
306365684
306364712
318571448
306370829
306371757
306370895
318571313
318571501
318571526
318571584
318571557
318571336
306365688
306370960
306372062
306365771
306366634
306368460
306365778
306365779
306368432
306368770
318571480
318574153
318574150
318571528
318571531
318571574
318574151
318571576
318571581
318571872
318571660
318571701
306366576
318571716
318572039
318571873
318571885
318571727
318571900
306366636
318571884
306368592
306368430
306366638
306367447
306368587
306366639
306368056
318571974
95398465
318572217
318572040
318573457
306368596
318573209
306368411
317188183
306368057
306368459
318572179
306368355
306368476
306368591
306368462
306368434
306368461
306368986
306368595
306372064
306371451
306372619
306372609
306372579
306373028
306373267
306374425
306373269
306373274
306373272
306373275
306360608
318574155
318574181
318574004
318585115
318584016
318584019
318583293
318583700
318583258
313439966
318587120
74343766
318587708
313769370
318587164
318587173
71901984
318587765
318587716
318587832
318587183
318587772
318587200
318587720
318587736
318587719
318587564
318587640
318587707
318587385
318587538
318587417
318587569
318587595
318587819
318587828
318587721
318587742
306753836
306754416
306754828
306762448
306777195
306783291
306764290
305291185
305291364
305292296
305290203
305290547
305291320
305292299
306764821
306764813
306764824
306373277
306368475
306768253
306768240
306768372
306767569
306768198
306768378
306768233
306768252
306768347
306768239
306768383
306779792
306782415
305874772
305874791
305874774
305874787
305879239
305879237
305879241
305879363
305879325
305879260
305879738
305879340
305879343
305879335
305875150
305875292
305879345
305880185
305879346
305880028
305879347
305879378
305880085
305879977
305875242
305879414
305879932
305880034
305875841
305875376
305875971
305875979
305875832
305875839
305875984
305875840
305875859
305875973
305875858
305875972
305880184
305879954
305876088
305876101
305876065
305876053
305876075
305876070
305876072
305875988
305876058
305879961
305875992
305882383
305876551
305875993
305876052
305876078
305875994
305876086
305876073
305876118
305876015
305876083
305876378
305882412
305882033
305876077
305876079
305876087
305876096
305876084
305876093
305876104
305876090
305876097
305876089
305876128
305876300
305882398
305880243
305880030
305880040
305876821
305880179
305876737
305876834
305876923
305877210
305876702
305877006
305876722
305880993
305880215
305881389
305877223
305876970
305877187
305876851
305877178
305880259
305882082
305880266
305880276
305877194
305876892
305880279
305881288
305880795
305880337
305877195
305876995
305876998
305880427
305877250
305877197
305851741
305877283
305877287
305877286
305877320
305877337
305877321
305877331
305877333
305877336
305877438
305877344
305877332
305877330
305877346
305877432
305877414
305877422
305877466
305878931
305877468
305879324
305879262
305877547
305872151
305868897
305882415
305882419
305882577
305885830
305885855
305885869
305885678
305885803
305885665
305885843
305885856
305886106
305887205
305886896
305886895
305888132
305888117
305875334
303072581
305939618
305723220
305734614
305734993
305851424
305848036
305851472
305851537
305851753
305851763
305854194
305854475
305851764
305853569
305854072
305856702
305877190
305880357
305881298
305929442
305929450
305719499
305876553
305950529
305939619
305940438
305940320
305940936
305847166
305941499
318419976
318421986
305947760
305948781
305948780
305948782
305949184
305948786
305949109
305949110
305949178
305949113
305949165
305952979
305949187
305952565
305949215
305949423
305974022
305973417
305967825
305965920
305966089
305967389
305967608
305970839
305970868
305967346
305970925
305967745
305967849
305971484
305968178
305970205
305968329
305968455
305970636
305969193
305957090
305957247
305968944
305970482
305957982
305968990
318419978
305958048
318419986
318420049
318421151
318439905
318435401
318439239
318436307
318439154
318439024
318439958
318438428
318440060
318438055
318438885
318432042
318438435
318439044
318440342
318440573
318431644
318443496
318441221
318441032
318441242
305974207
318443483
318443679
318444001
304147518
318444009
318444530
306046096
306046322
318444898
306105929
306106066
306107506
306110004
306107242
306107284
306107502
306097088
306097285
306097293
306112137
306107725
306108056
306109964
306097288
306097884
306097707
306097761
306097440
306097737
306097940
306100120
306097889
306124634
306125404
306126552
306126789
306124718
306121706
306124858
306124944
306122787
306122379
306122804
306122669
306124530
306122738
306123794
306123403
306113406
306111983
306123687
306123722
306116414
300805716
306116842
306115406
306116968
306115716
306117976
306116825
306117669
306117888
306116978
306124571
306116934
306124200
306124631
306066656
306101151
306118236
306118384
306118555
306121105
306121030
306119514
306118219
306118898
306118865
306118899
306124630
306125400
306119638
318451884
318453274
306126842
306126597
306126874
306126500
306126559
306126669
306126519
306126670
306126878
306126875
306126599
306131626
318452953
306128779
306127722
306129570
306127906
306128194
306129516
318452682
318452977
318453278
306129091
318452612
318463864
318552779
306293965
306306997
318553882
318557111
318552971
318555948
318554807
306307003
306297963
318554355
318553419
318552244
306307004
306307328
318562051
306292790
306306621
306295048
306307018
306307318
318557180
306307323
318557263
318557352
318558207
318557433
318557434
318559598
306306863
74343684
306302203
318557611
318559461
318559054
318560064
304146844
318558668
306304179
318559215
318564370
318564216
306307324
306308532
306307579
306312980
79479728
306308275
306315985
306307420
306307582
306307584
306307423
306315973
306307422
306307426
306317081
306307784
306316997
306315993
318551617
306312109
306321622
318574179
318575630
318575714
318576439
318576243
318576189
318574200
318574201
318574428
318574450
318574265
318574391
318574364
318574349
318574357
318574301
318574348
318574382
318574406
318571834
318574352
318574353
318574380
318574529
318574532
318574539
318574377
318574393
318574470
318574543
318574764
318574545
318574638
318574607
318575045
318575418
318575559
318575767
318576094
318578616
318578665
318578571
318579091
318579003
318579595
318579534
318579903
318579095
318575019
318579096
318579622
318579039
318578414
318578617
318579136
318579137
318579439
318579305
318578860
318579090
318575420
318406300
318576945
318576939
318578585
318576977
318576784
306367448
318587818
273761784
293083333
265002007
306791432
306791510
306791618
306791629
306791438
306791604
306779134
305252987
306780239
306784232
306833645
305851455
305851419
305851417
305851401
305851423
305851416
305851554
305851426
305851547
305851555
305851757
305851771
305851751
305851761
305851749
305851759
305855962
305855998
305851767
305853831
305855632
305856002
305857134
305851988
305883640
305883667
305884010
305883996
305884000
305884020
305884011
305884025
305884017
305884005
305884014
305884015
305884289
305884012
305884399
305884022
305884026
305884102
305884023
305884230
305884114
305885348
305882126
305882576
305885593
305885847
305885826
305885588
305885661
305885867
305885663
305885853
305885590
305885670
300461908
318424964
305969837
305962431
305970879
305969956
305970651
305962566
305963213
318421479
318425867
305963257
305962598
305962735
305963201
305963087
305965514
305963298
305963428
305963310
305965510
305965499
305963335
305963454
318422493
318423587
318423989
318406393
318425734
305973941
305974741
305974081
305974202
305974303
305974021
305974080
305974208
305974396
305974576
305974968
305974366
304149696
305976162
305976017
305976132
305968103
305976002
305975885
305976137
305976122
305976154
305976242
305977101
305977766
305977602
318428082
318428080
318428380
318444106
318444878
306042150
306042262
318444706
306045490
306042927
306044846
318444563
318444881
318444958
306045492
306046006
318445304
318446206
318445345
318445681
318446160
318435763
318445455
318445365
318446635
306064865
318446150
318445480
318445894
318446205
318446807
318445620
318445708
318446402
306059173
306058319
306052075
318446519
318447191
318446808
306063159
318447577
306062282
318447349
306067493
318452944
318448507
318448073
318448223
318448127
306072926
318448479
318448506
318449561
318448813
318449115
318449603
318448663
303042906
318448803
318449819
306130517
318452897
318452979
318452982
318453275
306132576
306132168
306132792
306132571
306132657
306133255
306132655
306132793
306133458
318454151
318453741
306142949
318453855
318453991
318454129
318453925
318454113
318453947
318454668
318453988
318454787
318454116
318454157
318454167
318450724
318454417
318454372
318458290
318458067
318458434
318458182
318457076
318455346
318457082
318458433
318455677
318456716
318455759
318457031
318457049
318456159
318457087
318409146
318450230
318453354
318458494
318458232
306139660
306139735
318458429
318453279
318453711
318453377
318457077
318456800
318454622
318459323
318461609
318461607
318460788
304155769
318534483
318545582
318547667
318547668
318547718
318545722
318545919
318546724
318547566
318547567
318547595
318547634
318547594
318547564
318547851
318547854
318547635
318547732
318547648
318547741
318546661
318546691
306320340
306329821
306320466
318564604
318564943
306327134
306327382
306281088
306305158
306316016
306320428
306316023
318565425
306313485
306322282
318566158
318566145
306326339
318566143
306329558
306337799
306338045
306337872
306341773
306337940
306316814
306341434
306338046
306341521
306338069
306340755
306341522
306341536
306330478
306336134
306337137
306341783
306338269
306338273
318564937
318564710
306331756
318566115
306338526
306332585
306337800
318565804
318565824
318565832
306334292
318565816
318565906
306340756
306340754
318565911
318570428
306352218
306340505
318569648
318569517
318569713
318569522
306354514
318569762
318570134
306332114
318569708
306338057
306342930
306342905
306357175
306342927
306342253
306342505
306342255
306342257
306342928
306342258
306342540
306342871
306342924
306338270
306342935
306342906
306342932
306342929
306343027
306343048
306343192
306343211
306346677
306343206
306343207
306343304
306343208
306346878
306344015
306345926
306344806
306354578
318567869
318565776
306348686
306347919
306349904
306348700
306348726
306348747
306349841
306349907
318571230
318578409
318576865
318579103
318579094
318575753
317549559
318579693
318579699
318579958
318579957
318580683
318580417
318580470
318580473
318582613
318582681
318581448
318581657
318581879
318580891
318582726
318582002
318581058
318581212
318582766
318581525
318582174
318579898
318579733
318579612
318579907
318579548
318579700
318571899
318576231
318583902
318584202
318584011
318584021
318584017
318583701
318583834
318584177
318583835
318584008
318584157
318585113
318584163
318584180
318045431
318584176
318585125
318585127
318585128
318585129
318585140
318585793
318585141
318585754
318585719
318585610
318582679
318582625
318585892
318585715
306760179
306761547
306747113
306747972
306752342
306748859
306750809
306820787
306820751
306820349
306820996
306820984
306820990
306820595
306820985
306820750
306821623
305252378
305252776
305254914
305255790
305256487
305261636
305262724
305263774
305264358
305274656
306821545
306821620
306822064
306822489
306821744
306823121
306829156
306815595
306815466
306815598
306814784
298944733
306815017
306815265
300348636
306815534
306815667
298944953
306815674
306815994
306815995
306816075
306816798
306818541
306816195
306819487
306816208
306816210
306806453
306816266
306816211
306816189
306816366
306816359
306816776
306816267
306816387
306816926
306818241
306817023
306819056
306818863
306820462
306820781
306820783
306820784
306820450
306834033
306844020
305709438
306833576
306834132
306834156
306834574
306833438
306834141
306822857
306833327
306834277
306849824
306853527
306853525
306853529
306810638
306935569
306935411
306935571
306935331
306935398
306935649
306935807
306954377
306954406
306956479
306929371
306929372
306929381
306955859
306956492
306956679
306956746
306956768
306956749
306956779
306956755
306954322
306954413
306954438
306954395
306954460
306955824
307024419
307023064
318577878
306971533
306994953
307147258
307147378
307148196
307147815
307148195
307148052
307147975
307148035
307148452
307148475
307148036
307148041
307148095
307148283
307148280
307148281
307148038
307148050
307148074
307148288
307148197
307148321
307148429
307148355
307148102
307148282
307148468
307159778
307149421
307149055
307149120
307150326
307139410
307149041
307139524
307139532
307140479
307139677
307140476
307140473
307139684
307140468
307139685
307139686
307140140
307148852
307140139
307140033
307140213
307140477
307140181
307140478
307146309
307140486
307140489
307141893
307140580
307140490
307140491
307140578
307140494
307142267
307142474
307140495
307141484
307140594
307147257
307140588
307140571
307141210
307140721
307149372
307152168
307159838
307159835
304146990
306370839
307139675
307271495
307271500
307271619
307271677
307271877
307271905
307271680
307271825
307271722
307271894
307273594
307274606
307274748
307274944
307273094
307274924
307274925
307275728
307274943
307274975
307274978
307275101
307275004
307275474
307275808
307275494
307296396
307286138
307284194
307296443
307296051
307399564
307400640
307407821
307407533
300987565
299526226
299527216
299529806
299530112
300984520
300983581
299534777
52331667
52332186
52338289
52340070
52340212
52340232
52340307
63400600
229826150
229826722
273354879
299532678
299533941
299534068
307408330
307408071
307404473
307408077
307407958
307406080
307405675
307408097
307406905
307406950
307406170
307408292
307407532
307408331
307399567
307422021
307417532
307417037
307481978
307485752
307484650
307485002
307485535
307484654
307484652
307484692
307485863
307484999
307485491
307485633
306834146
306834582
306835717
305709597
306834529
306836045
306835502
306835668
306835780
306835991
306835718
306835659
305717083
306834604
306835190
306836004
306835290
306835692
306835493
306835500
306835657
306835666
306835667
306835567
306835591
306835687
306836005
306835798
306835961
306836067
306836417
306836078
306836069
306838386
306836114
306836070
306839173
306839456
306837574
306839631
306839325
306836080
306837961
306839454
306839587
306839028
306839352
306836360
306836193
306836187
306838959
306836946
306839066
306836737
306836548
306838264
306838974
306839415
306844443
306843915
306843914
306839920
306839635
306840626
306839634
306840451
306839826
306839645
306841235
306840627
306840719
306840455
306840720
306839945
306840721
306839798
306840331
306839799
306841146
306839937
306841294
306840454
306839944
306840993
306841251
306840332
306840997
306840963
306834035
306829155
306834157
306834508
306833973
306834129
306840996
306841043
306841240
306834024
306834299
306841283
306834326
306832725
306834130
306831116
306834223
306841444
306843079
305708979
306350017
306830403
306830469
306833407
306844159
306841358
306843645
306832155
306834178
306841458
306844013
306815603
306816321
305179643
306983391
133230167
307007582
307007592
307007622
307012681
307007625
307006684
307007620
307013231
307012750
307007583
307007758
307007618
307012500
307013137
307007235
307007590
307007708
307007268
307013187
307012671
307013296
307013160
307013195
307013199
307013251
307012760
307012769
307007753
307008234
307007866
307007759
307007906
307008038
307008240
307007760
307008090
307007871
307007857
307008025
307008187
307007874
307013186
307013205
307008033
306844176
306973268
307008036
306991396
307008354
307008376
307011084
307012180
307012154
307009440
307010340
307008834
307011878
307008922
307010235
307011574
307010163
307009748
307011408
307010356
307009990
307011501
307012151
307010530
307011526
307013819
307008161
307011428
307013869
307015674
307014057
307007756
307007754
307023600
307023843
307025024
307024113
307024545
307024449
307024541
307024542
307024561
307024858
307025003
307017901
307017987
307018868
307017951
307017815
307017867
307017853
307017897
307017895
307018008
307019134
307018905
307020042
307020044
307020045
307020186
307020145
307021725
307020149
307020466
307021029
307020114
307021558
307020119
307020198
307020287
307020939
307021388
307021891
307022070
307022503
307022195
307022370
307022418
307022647
307022224
307022641
307022529
307022440
307022377
307022383
307022636
307022405
307022643
307022417
307022640
307022520
307022631
307022642
307022648
307022667
307022670
307022737
307022744
307022821
307023392
307022991
307022936
307023726
318591479
318592407
318591552
300793069
300999971
303525137
305877427
306820602
307172034
307172310
307172038
307172059
307172218
307172058
305968053
307173533
307172213
307172245
307172549
307170675
307233949
307233990
307234034
307234261
307234285
307233998
307234262
307234000
307234036
307234037
307234120
307234265
307234266
307234371
307234347
307234391
307234366
307234396
307234473
307234608
307234607
307234963
307235421
307235706
307235139
307235087
307235492
307235200
307235419
307235696
307235572
307237650
307237628
307237627
307237604
307236072
307237466
307237152
307237307
307168179
307163567
307163575
307144787
307234387
307237761
307237865
307237914
307238253
307237918
307237932
307237978
307239009
307238226
307238332
307239676
307239985
307235175
307240529
307265818
307261886
307265657
307262020
307264868
307262126
307265700
307263258
307237525
307263984
307263989
307264002
307264027
307264037
307264337
307264339
307264344
307264038
307264044
307264341
307264110
307264335
307265731
307265886
307265636
307265795
307265653
307265458
307264291
307264338
307264342
307265895
307265925
307271496
307266275
307266117
307265926
307266640
307265993
307266177
307267263
307271452
307271620
307284154
307402654
307449754
307449858
307448763
307448764
307449113
307448991
307449852
307449857
307449753
307449765
307449847
307449767
307449788
307449848
307457405
307449799
307457431
307458206
307457437
307457441
307450117
307458352
307457442
307450118
307449855
307457444
307459994
307457465
307450107
307450354
307450686
307450502
307451064
307450406
307450549
307450553
307450424
307450411
307450504
307450412
307450554
307450501
307452133
307450692
307450693
307450859
307450886
307461390
307465246
307458282
307458382
307453106
307456689
307455025
307457387
307456001
307456684
307456803
307453868
307454232
307455411
307456806
307456811
307456986
307456804
307455680
307456787
307461846
307455777
307455584
307463401
307462368
307461738
307465484
307465577
307465236
307463080
307473926
307474962
307476976
307477436
307480019
307476142
307474383
307474774
307463433
307463680
307466332
307466221
307466331
307469181
307466061
307466356
307466330
307466310
307466329
307470188
307470251
307466314
307469061
307469085
307469185
307470180
307450866
307466352
307469195
307469600
307470414
307469283
307476137
307476292
307475747
307471113
307473665
307470508
307472542
307470527
307471190
307485354
307485632
307485639
307485759
307499214
307665264
307665399
307665268
307665330
307665169
307665373
307665756
307666375
307665187
307665379
307665184
307665341
307665344
307665752
307677213
307667023
307667161
307681323
307673194
307681244
307667763
307669121
307684753
306768373
307683348
307694933
307694146
307681878
307684715
307694925
307684872
307685440
307694472
307694365
307715286
307704247
307704317
307704519
306372603
306372463
306795008
306795230
306798416
306795283
306796332
306798449
306809782
306809905
306810053
306811247
306813929
306813509
306811970
306812627
306813878
306810846
306810870
306811164
306811240
306813753
306811241
306813642
306811243
306814269
306811351
306811245
306811352
306811492
306812517
306811490
306813836
306808498
306810182
306809943
306955720
306816209
306971432
306971684
306971811
306971796
306971682
306971614
306971805
306971666
306971667
306971668
306971681
306971776
306971996
306975822
306970281
306971077
306970399
306970472
306970285
306956880
306970379
306970380
306970860
306970862
306971266
306991447
306991392
306991258
306988354
306986816
306985006
306985310
306985139
306985378
306985309
306985272
306988523
306985323
306985712
306987971
306991414
306991676
306991679
306985374
306991450
306991669
306991474
306985789
306985806
306991680
306995305
307006289
306995033
306991693
306992137
306992198
306991742
306992408
306991751
306986498
306992251
306992199
306992073
306992111
306992255
306992202
306992451
306989013
306989058
306992393
306989017
306988922
306988716
306988712
306988717
307007535
306989095
306989051
306971011
306956450
306989082
306989110
306989109
306992932
306991347
306989578
306989694
306991282
306991651
306991674
306985007
306983339
306984642
318588849
67181925
318587416
318589188
317618159
293612442
318588774
293856086
318588428
318588591
318588902
300488021
300487247
293854541
318589532
293082782
307164717
307168288
307169149
307169209
307164464
307164721
307169153
307167783
307167434
307167678
307167677
307159817
307160080
307160537
307160557
307160992
307167409
307160032
307160311
307167439
307160063
307164711
307160536
307160206
307160081
307160082
307160150
307164722
307165305
307164723
307167522
307167710
307164845
307164735
307164768
307164736
307160312
307164763
307164762
307167872
307167467
307167854
307167723
307164827
307167508
307165006
307165296
307165298
307160555
307164856
307165003
307164861
307139759
307161720
307160805
307164996
307165009
307165307
307165299
307165302
307167058
307165957
307165622
307166929
307161590
307165333
307165337
307167334
307165871
305261345
307165463
307165342
307167393
307165623
307165721
307165370
307165785
307167167
307167026
307165464
307162069
307167842
307167764
307162576
307162324
307165699
307162370
307162257
307162527
307162322
307162496
307162328
307162349
307162330
307165777
307166501
307167090
307167105
307167840
307162395
307162495
307165915
307166115
307162656
307163450
307162573
307162882
307162578
307162946
307163020
307162833
307163293
307162926
307162581
307162589
307163460
307162689
307163255
307163454
307162859
307162879
307168678
307167939
307168122
307167959
307167991
307168072
307168177
307168308
307167960
307168709
307162948
307163107
307167994
307168006
307168247
307167990
307163254
307163130
307163509
307163578
307163537
307163566
307163563
307163628
307163568
307163571
307163579
307163562
307163659
307163574
307163679
307168131
307168121
307164262
307168870
307168135
307163745
307163809
307164687
307164732
307169024
307169375
307007858
307007904
307164195
307164718
307169703
307169659
307169677
307169662
307169743
307169729
307169733
307169759
307170382
307170647
307170587
307170979
307170863
307170776
307170781
307170756
307171559
307170757
307171209
307171855
307172216
307171812
307172096
307172214
307169354
307169720
307169574
307169723
307169675
307223453
307222810
307222814
307223336
307213307
307223088
307223118
307223119
307223129
307223157
307223171
307223216
307223227
307223228
307223229
307216907
307222806
307274101
307274816
307296458
307296841
307296461
307296499
307296983
307296681
307296488
307296490
307296502
307296052
307282544
307277473
307279640
307296428
307296433
307296445
307296468
307296457
307296431
307296471
307300212
307297199
307304205
307304151
307304155
307304143
307304108
307304244
307304233
307304156
307304204
307304275
307304278
307304310
307304206
307304231
307304479
307304229
307304217
307304506
307304232
307304222
307304277
307304272
307304274
307304299
307304323
307304273
307304297
307304843
307271621
307305187
307305181
307305197
307383741
307385154
307383593
307383667
307385612
307385291
307385294
307305098
307385898
307385685
307385896
307389007
307387763
307386504
307388176
307388287
306798659
307388503
307388132
307388375
307389460
307389016
307389096
307389346
307416557
307417023
307415212
307417144
307417931
307418252
307420967
307421605
307418101
307418111
307418161
307420639
307418768
307420149
307421044
307443172
307446424
307445388
307444817
307444947
307443938
307456579
307444818
307445371
307444952
307464861
307462049
307449518
307449752
307629156
307629120
307629614
307629727
307629085
307629086
307629740
307631876
307639565
307705218
307705268
307697761
307705219
307699440
307668349
307698586
307698887
307698770
307699052
307699452
307699050
307699373
307699497
307699498
307699499
307699709
307701172
307702404
307703080
307699685
307703340
307704617
307704601
307704176
307704334
307704242
307719578
307725290
307665856
307726384
307715203
307720343
307714965
307695954
307694934
307695090
307694936
307697932
307698167
307694938
307698174
307695218
307695554
307695463
307695966
307704904
307704909
307704635
307696774
307705267
307704889
307704905
307705001
307879289
307880283
307880339
307882171
307883426
307883588
307883662
307883698
307883693
307883701
307728267
307732180
307884098
307893749
307898458
307899602
307885097
305723394
307884671
305856545
307884797
305858014
305718720
307990897
308093498
308094327
308101604
308101902
308101862
308101905
308101907
308101931
308113071
308272224
308272415
308272816
308273077
308272538
308272811
308273785
308272702
308273868
308272718
308272708
307148606
308285063
308273811
308274050
308274071
308274580
308274372
308274590
308274359
308274389
308274560
308274571
308274574
308292132
308274552
308274540
308274573
308274588
308274561
308276974
308284365
308277496
308277549
308277575
308285064
308285060
308285370
308285040
308285368
308280625
308282860
308285164
308285293
308285184
308285313
308281605
308285286
308291923
308297684
308305010
308304945
308288287
308288475
308288621
308288753
308297754
308296433
308292401
308298023
308294011
308294602
308304997
308305009
308290555
308442621
308442626
308442622
308442623
308442624
308442628
308445345
308453378
308453828
308453514
308445513
308445116
308445146
308445157
308445503
308445504
308452032
308453682
308458541
308458824
308445707
308445555
308447221
308445781
308445801
308445802
308445789
308445565
308445564
308445735
308445790
308445667
308445730
308445786
308446999
308458556
308447121
308447123
308447459
308447395
308447851
308447917
308447381
308447457
308447823
308447907
308448910
308447850
308453046
308451089
308454213
308459196
308453745
308458838
308458823
308458835
308460572
308474229
308467803
308458842
308458825
308465137
307715285
307715305
307715306
307716282
307715975
307715719
307716443
307715644
307716523
307716375
307715769
307715771
307716226
307716525
307716581
307716235
307716063
307716366
307716307
307716561
307716351
307716062
307716254
307716252
307719207
307717588
307722741
307719108
307725178
307725392
307719182
307719208
307719174
307719352
307723647
307719168
307719957
307719724
307719171
307723887
307168292
307725820
307726626
307728024
307727936
307726633
307726170
307726634
307726343
307726186
307726295
307726862
307726663
307726316
307726660
307726662
307726625
307726618
307726643
307726684
307726656
307726659
307726984
307727258
307726671
307727500
307727267
305722574
307885519
307890106
307889483
307889691
307891706
307886031
307886033
307886034
307889217
307890654
307900344
307900454
307900336
307913153
307903597
307903867
307904367
307904308
307480278
307903645
307903829
307895584
307913483
307913620
307913699
307913511
307913490
307913496
307904374
307913745
307913799
307913727
307913394
307913180
307999115
308100755
308013015
308017719
308053204
308117296
308126237
308126820
308126925
308131471
308120674
308119952
308119955
308120270
308120670
308120039
308120669
308120565
308120085
308127105
308120672
308127099
308120671
307701730
307883663
308120675
308120775
307148323
307167449
308120774
307164847
308122183
308120783
308120782
307167524
307148051
308121077
308120818
307148624
308120804
308120854
308120933
307150273
308128611
308124413
308125333
308125343
308124503
308124655
308125360
308130456
308124871
308124716
308125403
308130248
308130115
308125799
308125872
308125864
308125666
308129127
308130454
308126401
308126023
308128956
308128586
308126163
308126411
308131639
308131112
308131610
308131476
308135139
308131477
308131609
308131607
308134811
308134107
308134997
308131641
308131647
308132116
308132119
308133674
308135129
308135134
308135509
308136332
308135280
308135470
308135519
308305494
308305792
308306385
308300083
308304655
308300725
308304950
308304983
308304866
308304838
308304839
308301147
308305754
308306089
308306160
308306478
308307004
308307050
308306865
308307016
308307046
308308293
308307055
308307224
308307128
308308580
308307129
308307161
308307238
308307702
308307279
308307802
308308103
308308362
308308560
308308847
308308982
308309208
308309092
308309204
308309261
308309375
308309113
308309404
308309362
308309397
308309533
308309893
308309821
308309592
308309643
308134979
308271228
308309644
308309674
308309820
308309815
308309819
308307244
308308427
308309675
308309677
308309804
308309810
308310003
308311964
308310830
308312664
308313004
308312475
308312791
308311038
308312412
308313106
308312246
308312281
308312892
308311336
308313776
308318386
308318153
308318320
308318577
308318344
308318162
308318190
308318345
308318394
308318395
308309046
308318555
308318340
308318380
308312835
308313775
308318396
308318553
308313752
308318762
306972243
308313788
308313560
308314395
308314030
308313705
308313710
308313812
308313989
308313787
308314104
308314794
308314023
306097941
308313905
308314009
308314031
308314010
308314025
308314846
308314977
308318779
308319176
308318888
308314982
308463796
308465407
308482442
308482448
308482618
308482864
308482761
308473967
308474043
308474025
308482835
308482862
308483946
308482912
308483790
308484361
308482924
308483793
308482925
308483794
308485659
308484170
308483782
308475149
308475061
308486427
308486443
308487381
308483807
308485431
308475230
308475244
308485375
308483795
308483798
308483791
308485670
308484585
308483861
308483813
308486454
308487549
308486457
308486451
308486455
308487620
308486673
308486460
308486461
308475430
308475433
308486496
308487647
308475537
308475542
308475565
308476625
308475595
308475604
308476599
308475653
308475607
308476754
308476631
308476817
308476764
308476758
308475615
308476756
308485668
308484853
308484121
308486696
308484477
308485652
308476836
308476830
308476997
308477000
308476831
308476890
308477040
308477001
308476927
308476832
308476916
308476921
308476996
308476833
308476918
308476838
308476981
308476910
308477051
308476850
308476851
308477055
308476878
308476894
308476986
308477407
308477061
308477071
308478808
308478806
308478550
308477228
308478791
308478626
308478792
308478781
308487039
308479360
308478907
308479427
308478902
308479304
308479331
308478888
308479018
308478889
308479014
308478899
308478906
308479303
308479310
308479546
308479564
308485689
308486255
308485675
308486365
308486401
308485700
308486415
308486369
308486362
308486357
308485688
308486371
308479565
308485795
308486252
308485812
308485804
308486372
308480624
308481743
308479599
308480685
308482007
308479600
308480810
308479601
308482082
308482170
308485936
308485815
308485811
308486425
308486351
308486266
308485813
308485810
308485935
308486370
308486354
308485814
308482062
308482079
308481922
308485934
308479971
308487636
308482154
308480547
308482157
308480808
308482078
308482167
308482341
308482630
308482740
308482205
308482246
308482677
308482318
308482239
308482641
308482390
308482252
308482627
308482629
308482735
308482320
308468608
308470615
308460823
308461517
308462727
308462879
308470151
305470564
308535634
308542417
308542239
308562849
308563487
308572776
308572631
308563939
308567815
308572335
308318554
308477076
308572336
308571810
308568584
308572337
308569938
308570012
308572366
308570355
308571392
308573929
308571837
308573826
308574092
308574186
308583659
308583654
308575269
308576148
308576517
308576758
308576139
308576998
308583617
308583624
308576963
308583775
308577293
308577367
308583763
308583860
308583928
308583872
308578664
308580156
308578089
308584032
308578748
308584051
308584543
308586252
308586162
308586338
308586081
308579348
308579521
308580586
308585784
308580400
308580170
308580254
308580273
308580836
308581738
308581761
308581690
308581803
308580913
308582120
308583290
308583375
308581033
308580835
308581088
308655361
303524630
299296482
307271459
307704636
308667859
308670858
300963609
308670860
308670862
308745560
308745616
308745794
308744203
308744532
308744559
308744703
308744706
308745625
308744849
308733568
308740842
308745383
308744874
308745769
308738493
308751536
308752192
308756662
308754487
308756665
308755686
308756336
308755091
308756663
308756761
308760163
308757115
308763686
308760438
308826504
308818424
308274246
308815564
309060499
309063564
309064899
309079954
309079971
309080085
309080385
309056332
309062097
309055894
309058479
309080003
309080042
309080081
309089296
309151017
309151446
309154788
309155572
309126009
309153105
309154908
309155007
309152764
309153096
309153097
309154784
309153098
309153128
309153106
309153131
309153299
309153130
309154393
309143515
309143526
309143975
309145084
309144546
309143959
309143762
309143836
309144379
309143982
309143828
309143833
309143831
309143851
309143970
309143972
309144384
309144047
309143976
309144350
247988677
309148925
309146166
309150902
309152391
309150509
309146395
309152673
309168623
309167410
309168615
309167434
309161896
309080074
309155748
309155794
309155896
309159250
309159553
309161443
309160353
309158566
309156128
309156064
309161056
309161781
309158971
309159249
309161136
309161057
309156520
309158414
309157414
309160727
309160530
309171612
309159857
309161962
309161777
309161933
309161279
309161894
309157700
309160911
309160742
309160200
309161214
309161767
309161572
309150781
309153107
309149305
309151690
309159368
307679723
309161574
309161667
309161771
309161873
309161783
309164520
309161903
309162443
309164352
309162440
309161900
309161961
309162036
309163082
309162737
309162871
309162657
309163083
309162872
309164273
309163593
309164527
309164518
309164727
309164890
309164539
309164910
309164540
309164541
309164889
309164924
309164917
309164911
309164918
309164922
309164923
309166604
309177841
309175801
309175806
309144153
305237135
309320068
308308905
309321400
309321476
309321750
309321437
309321506
309321504
306840453
307171943
309323179
309322340
309175807
309164978
308308142
309323180
309323318
309323234
308306862
309323818
309323929
309323742
308274352
309323879
309323820
309323931
309323933
309323927
309323837
309323904
309328412
309328705
309323934
309324406
309328816
309324333
309324375
309324396
309324436
309155789
309164906
305721489
309321574
309321362
309321044
309324335
309324393
309324389
309324334
309324376
309324387
309324444
309324394
309324523
309324539
309324440
309324537
309324446
309324707
309324536
309324681
309324450
309324435
309324540
309324693
309324542
309324548
309324699
309327851
309326960
309323470
309323317
309320719
309321359
308274978
309321229
309322936
305720972
307172028
309321056
309323664
309321873
309321360
309321342
309336407
309340475
309340583
309378078
309378079
309378130
309378106
309378896
309383813
309378899
309378926
309384714
309385642
309385811
309378100
309378102
309378240
309378900
309378466
309379002
309379028
309379167
309379665
309378865
309378446
309378866
292761548
309378867
309378924
309379022
309378930
309378893
309378929
309379021
309379027
309379025
309379058
309380257
309385109
309373079
309373078
309373074
309373387
309373188
309373278
309377059
309376074
309376526
309377654
309373894
309377760
309373960
309376893
309377650
309376181
309377344
309375645
309376963
309381155
309383680
309383910
309384920
309385102
309384338
309384337
309384378
309384712
309385772
309385809
309384913
309384886
309378935
309383356
309385814
309386351
309385816
309385824
309385849
309386942
309385848
309385876
309386319
309386938
309386321
309386553
309386285
309386329
309391521
309391041
309390564
309391556
309397189
309391177
309390175
309391540
309391517
309397181
309400244
309400324
309397510
309399820
309400553
309399714
309397814
309400055
309397533
309521630
307471692
307471283
307470640
307470770
307471153
307472163
307470916
307470820
307474470
307475831
307476712
307476517
307476521
305880267
307472268
307476293
307476296
307476318
307476522
307478527
307476319
307476458
307476731
307479944
307478531
307479610
307477439
307489312
307480491
307480232
307480658
307480401
307480652
307483895
307480653
307480474
307481333
307480659
307482862
307481582
307484225
307640837
307631858
307632596
307632902
307633428
307633409
307634854
307633399
307634992
307634643
307633553
307635001
307633411
307633478
307633431
307634634
307635245
307635250
307635253
307635272
307635269
307635317
307640444
307664234
307657548
307664453
307652250
307664460
307664881
307664136
307679632
307681960
307664587
307664609
307665077
307665025
307727860
66777636
307727938
66777617
307728271
307728282
307728266
307728269
307728358
307728098
307728087
307734205
307730816
307728256
307728359
307728274
307728368
307728371
307728425
307730809
66777842
307719170
307730815
307731148
307732998
307732703
307731841
307732297
307732701
307732394
307732624
307732181
307732220
307732275
307732392
307733032
307671090
307741417
307742038
307716224
307665086
307671356
307678111
307947847
307945107
307944819
307947375
307947647
307947400
307946856
307947413
307947970
307947840
307947458
307947570
307947843
307947964
307947805
307947844
307948267
307947962
307948427
307947846
307948548
307974773
308087393
308059606
305470428
305470191
308322417
308322157
308322411
308320474
308320629
308320638
308322509
308320473
308316054
308316497
308315029
308315026
308315449
308315894
308315270
308318116
308316335
308315053
308316269
308315363
308318163
308315183
308317834
308316336
308316105
305252185
308316519
308317975
308320893
308319936
308319937
308320398
308322152
308321665
308322078
308322680
308322606
308322642
308321647
308323039
308322678
308324129
308323832
308322723
308322724
308323040
308322729
308322730
308322731
308323030
308323165
308323733
308324759
308324760
308325231
308478927
308482398
308635246
308665028
308670850
308670856
305527920
308670854
308728438
308707248
308728425
308728448
306343209
308728439
308728441
308728433
308728512
308728428
308728514
308728510
65383578
67609700
80533153
308803223
86693354
90820825
91331997
98544953
299764906
305851551
35803771
40559799
41363480
42010562
52384245
53076723
53078813
59949210
60781105
61249994
65522822
67051297
67670775
83317602
98017330
102398543
245079739
304160589
306979760
306983364
306984117
308001193
308795950
308796790
308796955
308808089
308813094
308785759
308787330
308813091
308813089
308804530
308797129
308797333
308797739
308797328
308797331
308797329
308799076
308799150
308800867
308799151
308800874
308800856
308799077
308800236
308799986
308798328
308813095
308786445
308787699
308814083
308814676
308815720
308814312
308813813
308819171
308814212
308819434
308814214
308814218
308814215
308814217
308814256
308814591
308808034
308813134
308812977
308813097
308813090
308807926
308807500
308812981
308808466
308808022
309036423
309033394
309033382
309033691
309033453
309033873
309033356
309033359
309033380
309033393
309033395
309033396
309033729
309038915
309040458
309040559
309040454
309040605
309040453
309040574
309040970
309040651
309040865
309047430
309042472
309041436
309047642
309046866
309047729
309046642
309043783
309041146
309041434
309043955
309045927
309043493
309044310
309042931
309046355
309047957
309045004
309046057
309047301
309047075
309130850
309126955
309126270
309128854
309131644
309126948
309127106
309126940
309126954
309115322
309123194
309126949
309126950
309115359
309127858
249401524
309126956
309116761
309118536
309122581
309134802
309134318
309134809
309133297
309134539
309134234
309133908
309134069
309134065
309134066
309134236
309134808
309134655
309134814
309134800
309142754
309134849
309046375
309080656
309079953
309140624
309135901
309138374
309136871
309142099
309141952
309143485
309143528
309140942
262157283
309139101
309140469
309140644
309140831
309140936
309141298
309141294
309133213
309133208
309142226
309142196
309142180
309142181
309142288
309142280
309142182
309142234
309142197
309131899
309142248
309142983
309143422
309132834
309132933
309155487
309155781
309147769
309152293
309152918
309143532
309162482
309143763
309134829
305542482
300340203
309359893
309362766
309363071
309360176
309354223
309354349
309365891
309366759
309366781
309366841
309366572
309366837
309370891
309371734
309372026
309372013
309367166
309371660
309371514
309372082
309371430
309370807
309371831
309372028
309371544
309372012
309371794
309373073
309370322
309371795
309363343
307445853
309365390
309365400
309365420
309366128
309376943
309378095
309377778
309377762
309377763
309377802
309378086
309378096
309377846
309378097
309377890
309377893
309377987
309378104
309501545
309501313
309503261
309503613
309501064
309500765
309500972
309501530
309504290
309504283
309503890
309515903
309503885
309504502
309504298
309504275
309516189
309504313
309504202
309504303
309504274
309504309
309504286
309504304
309504806
309504506
309504503
309528799
309522966
309528775
309528837
309528904
309529226
309516191
309516470
309531720
309533493
309539622
309539687
309539663
309539886
309539665
309539718
309540709
309536013
309541033
309539883
309540359
309540484
309540135
309540503
309539888
309540047
309539931
309540045
309540023
309539944
309539941
309540782
309536512
309536278
309537081
309536558
309542287
309538935
309539010
309539382
309537227
309540497
309539008
309538841
309540786
309540560
309538987
309538871
309529363
309529505
309529968
309529550
309530065
309533879
309539009
309529651
309532490
309530070
309530273
309531367
309532330
309531041
309533671
309542857
309542698
309542850
309542634
309543082
309542690
309542871
309542874
309542960
309543003
309542861
309542653
309542689
309542849
309542860
309543010
309543011
309543016
309542895
309543391
309543007
309543029
309543387
309552178
309543052
309543015
309542979
309543014
309543254
309543084
309554736
309543083
309543437
309543363
309543274
309543389
309546124
309543390
309543667
309544001
309543490
309544009
309544965
309543871
309543758
309545958
309546904
309552500
309552842
309555393
309556632
309554523
309554778
309547628
309545984
309134708
308478678
309981556
309982420
309982620
309982664
309982230
309982496
309504498
309982654
309978525
309978538
309978904
309979508
309979446
309979489
309979979
309979501
308447898
310144259
310143961
310144555
310143971
310144022
310151330
305013372
305305384
305013201
305014520
305014273
305009056
304951056
304548094
310152152
310325205
310330175
308482399
308487656
308487843
308488069
308488043
308488045
308487836
308488047
308488056
308488311
308488337
308488684
308489096
308489277
308489281
308447376
308560078
308560079
308560080
308560083
308560270
308560081
308562235
308562419
308581472
308585914
308581734
308587505
308587962
308587961
308659287
308659408
308659289
308659286
308659406
308663329
308660527
308659996
308660820
308664325
308660526
308660315
305514367
305514390
308665380
308667490
308482794
299736771
308671227
308676730
308677590
308678561
308314978
308687974
308688203
308775860
308776703
308767964
308767281
308766224
308766145
308768017
308767762
308767005
308760098
308768940
308752247
308767999
308767763
308773365
308770914
308770135
308775699
308770164
308777443
308774985
308776076
308787125
308787686
308787180
308787185
308787324
308786427
308787323
308786460
308786443
308787332
308787171
308787179
308786472
308786451
308787322
308787702
308787321
308787177
308786446
308788112
308787711
308787698
308787622
308787182
308787626
308786951
308787378
308787687
308788348
308787700
308787417
308787701
308794748
308791713
308792069
308791776
308788938
308794343
308795951
308797190
308791208
308789748
308768872
308778968
308783785
308785371
308778777
308785010
308783691
308778939
308783403
308785376
308784347
308785520
308783784
308783574
308783573
308782452
308785518
308783775
35072591
35228763
41936070
42711191
43795509
48736263
59016836
60439771
62519141
62519176
62560721
63018345
308797332
309034199
309034200
309034268
309034475
309034477
309034279
309034462
309034267
309034305
309038491
309034276
309034278
309038845
309034280
309034282
309034463
309034464
309034854
309035032
309108277
309113356
309088837
309084783
309087251
309115150
309114237
309102085
309127770
309131900
309175305
309177344
309175306
309175717
309175427
309176775
309175889
309176825
309116095
309176502
309156057
309342626
309342777
309331571
309332024
309342797
309336689
309323930
309333605
309333692
309332930
309332736
297628610
309340754
309333313
309340704
309336195
309335019
309337367
297628595
309344152
309357801
309351627
309345036
309350451
309351288
309345936
309354593
309342900
309343155
309343594
309343592
309344008
309358856
309358499
309359489
309400016
309400054
309400140
309400245
309400495
309400241
309400515
309400234
309400242
309400546
309400566
309406909
303033888
303033899
309406861
309407011
309407190
309409173
309409618
308320529
309149452
309501311
309501017
309501067
309501531
309501317
309501988
309501164
309503867
309501166
309501532
309501598
309503068
309547940
309554782
309547232
309547678
309547753
309549271
309553034
309553035
309548597
309554937
309554793
309554837
309553633
309553078
309550038
309549324
309550554
309554781
309553250
309554048
309549673
309556619
309551000
309554838
309550910
309550545
309551369
309550990
309553715
309550842
309551730
309552140
309554936
309554970
309554938
309540985
309542599
309541028
309541223
309541487
300856460
309558020
309558017
309557979
309558044
309560224
309560544
309560460
309550377
309557672
309557540
309556457
309556522
309557467
309557667
309557285
309557432
309556573
309557634
309557531
309558008
309557757
309557539
309557546
309557570
309557978
309979527
309979755
309979995
309980458
309979994
309981005
309981089
309983457
309980462
309980979
309980722
309980593
309981094
309981065
309981000
309981130
309982355
309981098
309982666
309982908
309981100
309981101
309981214
309994067
309993826
309986492
309983431
309983631
309984328
309985710
309985711
309987492
309986454
309989249
309989311
309984749
309987847
309989243
309989261
309991259
309992432
310002308
310002309
310002315
309989573
309992944
309992716
309989329
309994369
310002593
310002407
310002296
310002312
310007139
310006525
310003749
310003979
310004047
310016970
310016971
310017297
310017299
310017908
310017300
310016994
310017030
310017035
310017458
310017343
310017040
310017327
310017044
310017133
310017328
310017459
310017303
310017325
310017431
310017532
310017810
306816024
310010441
98021712
35179904
310108536
309987206
310107388
310107657
99124568
310108092
76284551
40559804
84653425
92534200
73362115
310117926
310152118
310289963
310290248
310290505
310289956
310289958
310282123
310284442
310118339
310289650
310290489
310290520
310285208
310284346
310285563
310284467
310285552
310284719
310284785
310284767
310284777
310285064
310294796
310284827
310285105
310285370
310285107
310285025
310285371
310285545
310285595
310285581
310285885
310286479
310286969
310286491
310286514
310286525
310286580
310299511
310302546
310301536
310300907
310299238
310299847
310299629
310299322
310302568
310302318
310302458
310300328
310302661
310300874
310300654
310301270
310302479
310303059
310303681
310304974
310303512
310293339
310294884
310293260
310294805
310293336
310294829
310294551
310305586
310295437
310295607
310296361
310295721
310295615
310295947
310295723
310296083
310295717
310295637
310295884
310296460
310295871
310296714
310298493
310295718
310295762
310296905
310358085
310357927
310337832
310338294
310338033
310338908
310331448
310336976
310336436
310330228
310337219
310337936
310343195
310333222
310334289
310333317
310336373
310336421
310379800
310381532
310381188
310162267
310304177
310304814
310305095
310377584
310384166
310395045
309504635
309505711
309506842
309509842
309506576
309506367
309506996
309516346
309516450
308311453
309516347
309507095
309511287
309506471
309509302
309515913
309508645
309503865
309503879
309516342
309516184
309516334
309503918
309505497
309517289
309528807
309516847
309528790
309518195
309520655
309528479
309528102
309527580
307664610
309996015
310005130
310013779
310013283
310006531
310007198
310007137
310007138
310015182
310007896
310009105
310008227
310008004
310009732
310007430
310009729
310007816
310008288
310015229
310015278
310015289
310015285
310015320
310015321
310015292
310015345
310016660
310015329
310016510
310015333
310015346
310009799
310014530
310009742
310009798
310009782
310009917
310009801
310010028
310009803
310009750
310009747
310009749
310010033
310009794
310009947
310009942
310009938
310009997
310011192
310010238
310010029
310010003
310010171
310010027
310010821
310010485
310010894
310010034
310011193
310010035
310010444
310011176
310015181
310016968
310016996
310017034
310011241
310016992
310015744
310016753
310011460
310011540
310011247
310016896
310011246
310011194
310011240
310011233
310011363
310011468
310011236
310011533
310014510
310015131
310015183
310011551
310011469
310011367
310011531
310011632
310011633
310011549
310011466
310011368
310011369
310011471
310011634
310011465
310011451
310011457
310011651
310011662
310011545
310011647
310012783
310011704
310011663
310011677
310011678
310012964
310012400
310012965
310012633
310013689
310014480
310014171
310015096
310014932
310015063
310015157
310015332
310015180
310011547
310016400
310016801
310019659
310020950
310018480
310020390
310020042
310009940
310021080
310020839
310021135
310021199
310021142
310020997
310021198
310021063
310021123
310021235
310021129
310021134
310021136
310021138
310021238
310021143
310021239
310021308
310021231
310021232
310021226
310021228
310021313
310021314
310021303
310021304
310021306
310021307
310021348
310016962
310021624
310022463
310022540
310022541
310017608
310091689
310013887
310094542
310094543
310094544
310094545
310094841
310095603
310096028
310096029
310096160
310096163
310096167
310096164
310096166
308486760
62993567
310113868
81367790
76901386
310107295
101109724
96811312
310113929
310138486
310138040
310143839
310139111
310143942
310140356
310139888
310143221
310140254
310143887
310140250
310140300
310140499
310143252
310140508
310140509
310142114
310140679
310140561
310142700
310143338
310142826
99483507
310134023
35165582
310134200
93759460
93758968
310134314
310143184
310142184
310141601
310142154
310142589
310137216
310137288
310137397
310151493
310152058
310151501
310152095
310152102
310152094
310141304
310148955
310152092
310146583
310146706
310152066
310152081
310152117
310147625
310152299
310147630
310147678
310147675
310147927
310148120
310147791
310148132
310147934
310148135
310147990
310148134
310148177
310148543
310148539
310148188
310148578
310148880
310148496
310148608
310148521
310149606
310149785
310149602
310149965
310150111
310151021
310150657
310150892
310151003
310296896
310324000
310323883
310318233
310323918
310323289
310323888
310323671
310323706
310323875
310323999
310324048
310359272
310359277
310362375
310384155
310383038
310383466
310384151
310384058
310384105
310383451
310370222
310384120
310383497
310384010
310383498
310384147
310383780
310384210
310384107
310374397
310375300
310376222
310375042
310375040
310375044
310374423
310375326
310374816
310374790
310375299
310375325
310374921
310375041
310375373
310374817
310380310
310375975
310379089
310378047
310384260
310384680
310377677
310376442
310376552
310376675
310376863
310378762
310381391
310378292
310376758
310381296
310377167
310376891
310380076
310377156
310384261
310384275
310381471
310380495
310378966
310382695
310378967
310384274
310380702
310380908
310384330
310384999
310381993
310384373
310385032
310382610
310384376
310384622
310392557
310392749
310393313
310393585
310393601
310393103
310393136
310393734
310384678
310384814
310393139
310393733
310393808
310393401
310394507
310393410
310393431
310393647
310393523
310393535
310394657
310385031
310393589
310385163
310385792
310385034
310386905
310385035
310385050
310385877
310385786
310385524
310385522
310385862
310385793
310385963
310386718
310385155
310386243
310385156
250849931
310385967
310385157
310386838
310385158
310385240
310385970
310386781
310385921
310386088
310385881
310385232
310394247
310374758
310385384
310386767
310386842
310385292
310385927
310385795
310385867
310386774
310394608
310386806
310386516
310394668
310395060
310386951
310388339
310387921
310387026
310387762
310387322
310388340
310388158
310387059
310387769
310387323
310389473
310387171
310387179
310388651
310388615
310387258
310387254
310387796
310388058
310388349
310389734
310395046
310389920
310389525
310389526
310389928
310387256
310389398
310394856
310387736
310388338
310388164
310387267
310387829
310394963
310395076
310388951
310387801
310388611
310389053
310395050
310395058
310395203
310395062
310388769
310388343
310388288
310395100
310395073
310388179
310395106
310395112
310487956
310512036
310513592
310515055
310510762
310510976
310510643
310513622
310512048
310512069
310513655
310513911
310514465
310514464
310514418
310514429
310514524
310515043
310515053
310514432
310510763
310510766
310510769
310511936
310510789
310510683
310510768
310510954
310510961
310510713
310510767
310510816
310510779
310510953
310510958
310510790
310510791
310510809
310510952
310512070
310514262
310513508
310512586
310510817
310510978
310514483
310511325
310511445
310511625
310511925
310511865
310513647
310511672
310508431
310511813
310512067
310514481
310513123
310512037
310514515
310515083
310512039
310522721
310534524
310531201
310534852
310536917
310520755
310517163
310515409
310516132
310544056
310551140
310551275
310551163
310551254
310555600
310551166
310553747
310563716
310575618
310564152
310562689
310565775
310387205
310577198
310563187
310569011
310568679
310568852
310568732
310579158
310571632
310569009
310565713
310566916
310565758
310565785
310567046
310567309
310567644
310566246
310567504
310568848
310567052
310567036
310567253
310568971
310573443
310567041
310567080
310567747
310567074
310626245
310621845
310626360
310625901
310622441
310622446
310625522
310624240
310624699
310626946
310625908
310625084
310626244
310624764
310625069
310626172
310626242
310626349
310625743
310625089
310626357
310626246
310626784
310632765
310632149
310626178
310626241
310626352
310626354
310632063
310632065
310632859
310632159
310632932
310627383
310627945
310630095
310632413
310631034
310630004
310630232
310629999
310630486
310630980
310631550
310630919
310631094
310631680
311934177
311934174
311946189
311947488
311948684
311947409
311946839
311947571
311947209
311947417
311947163
311947396
311947446
311947388
311947402
311947405
311963283
311947442
311947501
311947522
311947418
311947490
311949709
311949524
311950566
312213867
312220869
312222638
312222873
312228685
312228357
312223226
312223802
312224141
312225768
312248644
312217640
312265069
312265982
312268578
312265073
312248864
312248867
312248872
312248873
312268586
312268649
312371350
310341207
310341211
310338304
310343915
310342648
310342993
310357157
310359188
40752459
310357965
310358316
310359369
310359490
310360436
310359552
310363991
310359803
310360918
310363031
310365319
310365853
310366543
310369702
310368821
310367332
310371784
310368156
310369522
310371177
310370186
310369134
310373124
310368944
310373884
310370529
310374373
310371432
310374396
310375019
310358335
310359221
310358784
310358792
310358854
310359368
310393246
310390770
310513450
310514500
310513646
310514413
310514416
310514433
310514463
310514505
310514514
310515038
310514485
310515051
310527575
310531146
310544139
310544366
310544693
310549059
310544419
310547120
310544705
310545090
310548469
310548607
310545092
310545390
310548535
310548635
310548445
310545389
310548609
310548914
310548893
310548911
310548912
310548613
310548913
310549058
310544704
310515056
310548989
310549084
310549064
310579188
310576285
310578988
310567327
310578740
310577305
310564112
310578907
310579423
310579866
310579198
310582101
310579349
310579444
310579398
310581748
310581755
310579373
310594104
308765631
310585882
310588363
310588372
310587762
310583219
310584388
310587902
310588110
310587765
310583896
310587901
310590593
310551611
310584119
310587436
310587992
310588060
310551304
310585330
310587764
310587777
310586786
310598977
310598929
310601003
310588188
310594160
310591592
310588304
310589825
310593892
310592054
310592801
310599818
310603712
310625904
310625744
308588114
309360796
310565619
311901720
311894099
310152129
311901404
311901489
311901795
311894081
311894089
311894101
311901406
311901704
311894086
311894091
311894192
311894087
311894103
311894105
311894088
311894179
311894688
311894090
311894782
311894908
311894098
311894100
311894687
311894102
311894784
311894788
311894892
311894163
311894165
311894783
311901462
311894180
311894188
311894189
311894882
311894253
311894694
311894699
311901560
311901579
311901729
311894909
311900440
311900847
311900419
311894911
311899887
311900569
311967883
311968241
311968402
311962954
311958276
311963432
311962852
311963412
311963196
310619299
310619335
311966958
311967149
311979015
311980619
311979661
311964856
311967469
311967161
311968357
311975841
311976854
311976786
311978113
311975969
311972534
311969974
311978663
311978585
311978680
311980449
311979123
311979023
311979119
311981212
311979508
311980427
311980815
311980448
311980620
311980724
311982235
311998306
311998486
311983171
311995449
311983891
309550036
309554952
311983806
311983809
311983890
309554940
311983636
311983642
311983563
311983583
311983795
309553084
311983526
309554831
311983915
309548386
311983351
311983535
311983525
309549620
311983796
311983811
311983883
311983652
309553245
309554738
309554971
311984223
311984229
311984225
309553230
311984323
311984345
311984289
311984406
311984948
311984346
311984331
311984453
292083592
311984601
311984552
311984946
311984598
311990952
311984777
311986793
311986343
311984951
311986217
311991119
311990723
311990970
312186001
312185994
312255333
312255352
312268377
312275500
312274588
312186003
312205432
312268759
312269079
312269135
312265863
312269109
312266456
312268380
312269110
312266231
312269083
312269299
312266269
312268846
312277491
312268668
312269082
312268671
312268675
312268684
312268692
312269129
312269358
312268738
312269088
312269184
312269265
312268777
312269210
312269351
312269074
312269316
312269322
312269080
312269267
312269441
312269331
312269585
312269293
312269592
312269492
312269511
312269329
312269324
312269628
312269342
312269488
312269490
312269582
312269325
312269776
312269593
312269328
312269350
312269575
312269596
312269356
312269434
312269576
312270047
312269489
312269442
312269583
312269435
312269450
312269504
312269671
312269589
312273047
312269591
312269594
312269510
312269577
312273048
312269587
312269627
312269626
312273290
312275576
312275875
312270497
312270555
312273620
312273745
312273752
312273506
312273785
312278307
312278868
312273733
312273803
312273882
312273759
312273751
312273794
312273744
312273786
312273756
312274142
312273761
312273830
312274845
312273905
312274283
312274131
312274147
312273913
312274317
312274297
312274282
312274359
312274412
312274357
312274318
312274362
312274906
312274291
312274319
312275824
312274590
312278364
312277932
312278494
312278191
312278459
312278803
312288362
312288319
312291113
312278429
312278428
312278432
312278445
312278463
312278775
312278621
312279916
312279726
312278928
312278711
312278870
312279505
312279025
312279880
312279486
312279027
312280718
312279506
312280580
312279930
312279185
312279487
312291314
312288601
312288953
312288607
312288957
312288956
312279411
312279504
312279541
312279414
312280103
312279941
312280468
312279879
312288662
312288933
312279919
312279929
312279937
312284078
312284144
312284142
312281120
312280140
312280074
312280173
312281303
312280174
312280618
312280203
312280603
312280734
312280662
312281161
312283835
312280607
312281482
312280608
312280613
312280960
312280975
312280977
312281294
312283484
312281181
312281471
312284123
312281091
312275542
312281772
312283774
312371444
312371351
312371359
312371440
312371523
312371360
312371431
312371441
312371430
312371439
312371442
312372404
312373228
312374208
312374362
312373281
312377298
312374710
312374962
312375080
312374674
312375069
312375076
312375411
312375079
312375081
312382556
312374176
312374207
312374237
312382948
312383330
312395768
312383881
312384627
312396221
312396104
312396336
312396087
312396530
312396278
312398043
312397063
312396458
312396539
312398051
312398165
312398486
312398563
312398068
312398607
312398136
312398177
312398595
312398337
312398223
312398228
312398370
312398344
312398341
312398346
312399139
312398239
312399085
312398584
312398339
312398243
312399099
312399018
312398612
312398645
312398360
312398537
312399077
312399101
312399128
312398340
312398558
312398619
312398345
312398519
67482962
67666400
76838132
74519754
74608621
75051186
62325982
62329338
75066670
67180258
83429691
83741559
84684463
85595278
87355974
88177067
89125002
65529079
65528348
135260153
82336500
132690066
52348389
27863747
92131786
93652116
35165442
35181224
66571630
66602185
82619807
82623379
85748332
85994270
86053886
86132180
86152466
88577138
86667722
86681501
87232171
89124775
89125217
95393660
140158312
102400997
102462841
25438976
43191028
57659544
78702462
73550560
52341307
52340192
252319980
247522084
52336441
52333963
52340177
52340241
132992292
132995804
88892782
132998176
52333537
52337816
310388348
310383223
310389430
310391715
310389813
310389955
310389872
310384100
310390972
310391058
310390438
310392602
310390461
310393035
310390615
310390902
310392158
299333934
310549078
310550139
310550846
310549373
310550213
310550230
310550216
310550320
310550214
310550333
310550466
310550685
310550907
310550946
310551137
310550957
310550951
310550956
310550954
310550955
310554832
310551007
310551131
310551134
310597922
310598109
310600297
310600756
310598978
310605333
310600010
310600455
310603192
310600384
310600755
310603952
310604180
310605339
310606856
310605566
310607673
310607705
310607026
310607645
310607385
310607644
310606712
310606850
310607589
310608188
310607794
310607783
310608259
310608201
310608359
310608217
310608204
310608411
310608460
310608654
310609170
310608404
310612403
310608536
310608540
310610368
310610985
310610599
310611717
310611763
310610332
310613044
310621681
310619291
310619221
310614614
310615775
310618924
310619471
310619589
310619628
310619652
310619477
310619601
310619611
310619631
310619939
310624239
310620510
310619605
310619587
310619595
310619598
310622447
310622448
310619607
311896627
311899246
311900246
311900423
311900834
311899818
311900574
311901728
311901833
311906471
311906265
311899921
311906425
311900243
311900240
311900573
311900842
311900458
311900553
311900568
311900242
311900255
311900581
311900566
311900575
311901686
311900578
311900832
311900579
311900582
311900841
311900843
311900921
311901490
311901395
311900906
311901811
311900846
311900848
309544186
311901491
311901520
311900924
311901131
309544569
311900923
306097124
311900988
311901617
311900989
311900991
309546064
311901662
311907408
311907395
311907397
311907606
311907407
311907605
311908983
311907742
311907878
311931329
311931330
311934175
311907960
311908813
311933980
311947135
311934171
311908793
311909123
311918323
311931142
311908731
311908746
311908870
311934184
311926414
311990082
311990969
311995115
311991118
311991913
311991275
311991460
311991133
311991237
311991320
311991452
311991462
311992048
311991486
311992046
311991487
311991624
311984540
311992049
311992561
311998918
311998967
311997991
312009925
312009582
311998307
311998076
311998598
311998380
311998986
311998994
312000129
311998995
311999083
312001042
288108441
311999306
311999561
311999307
312000983
274063555
294156892
311999547
311999944
312009942
312009936
312001060
311987617
312010425
312010109
312010761
312001030
312005082
312001959
312002361
312001226
312001665
312001787
312001422
312005075
312001229
312002418
312001622
312010447
312010446
312010880
312010389
312012243
312003829
312003592
312001707
312010878
312010762
312010877
312010824
312005039
312005081
312005080
312004702
312004793
312005269
312006609
312006676
312006818
312006815
312006446
312005314
312005315
312006666
312006665
312006502
312006816
312006447
312006828
312006448
312006684
312005731
312006012
312006557
312006176
312006610
312006173
312006449
312006555
312006865
312006829
312008896
312006833
312006834
312007044
312009432
312006835
312008696
312009683
312009929
312006836
312010009
312006837
312009918
312009930
312009308
312009851
312204934
312204068
312204941
309546310
312201091
312201246
312201374
312204940
312204652
312205320
312204853
312205325
312205414
312201981
312205255
312205327
312205175
312205304
312205321
312205329
312205895
312206364
312205402
312205401
312205688
312205669
312205726
312205903
312205725
312205894
312205740
312205899
312205905
312205758
312205778
312205785
312205870
312205896
312205941
312205873
312205945
312206131
312206201
312206480
312206813
312208281
312207183
312219493
312218494
312225327
312208915
312217709
312219691
312222112
312210344
312209218
312213240
312211152
312222102
312201546
312217419
312212083
312218981
312288672
312288610
312288122
312288323
312287686
312287939
312287949
312287905
312287909
312287934
312288180
312287930
312288058
312288307
312287982
312288031
312288081
312288318
312288093
312288060
312288130
312288074
312288316
312291316
312372637
312372498
312372641
312372748
312373253
312372501
312373264
312378665
312379807
312375410
312376630
312377300
312379711
312378271
312379774
312379808
312379772
312379773
68224447
312379798
312394490
312373653
312373662
312373334
312373658
312373335
312373715
312373659
312373764
312374175
312374275
312373665
312373708
312373727
312374181
312373711
312373786
312374677
312373722
312374464
312374374
312374695
312374179
312373798
312374249
312374376
312375064
312374219
312374449
312378707
83497013
66590357
132711474
84574648
249528137
56117985
53820775
95781235
27862301
44328758
44623025
49363259
52332665
52335977
52340237
65635068
69344868
77634214
84574654
85665769
85698491
86215610
93652119
94025951
99389239
99603150
99603366
40942402
248362937
60439758
54379319
41854245
79055056
79054818
49744316
99603185
242132561
33507292
33507305
73557920
52340345
52341302
53820760
88186360
52340343
52340887
52341324
52340283
183131645
52340274
52341298
52340338
52332369
52338625
86685526
52333075
52340186
52340315
68619815
52340323
52341330
68495768
133018285
27863917
79252029
133026764
105824486
75881441
130425871
82303069
133015284
133015822
252889204
95083945
133231536
97036529
160990844
160995309
69866217
231483502
231704601
249258098
42010188
97337016
76450450
312284075
312284095
312284136
312283738
312283739
312284085
312283783
312283797
312284089
312283929
312284120
312284084
312283930
312284146
312284819
312284128
312284133
312284135
312284258
312284148
312284147
312284166
312284194
312284817
312284761
312284684
312284165
312284866
312284947
312284966
312284604
312284762
312284881
312285063
312284727
312286533
312284877
312284879
312284946
312285031
312285059
312284793
312284915
312285064
312284904
312284914
312285193
312285245
312285058
312285108
312285035
312285060
312285068
312285071
312285072
312285084
312286476
312287212
312286065
312285660
312285194
312285239
312287570
312286562
312285786
312285222
312285998
312287567
312287820
312285935
312273746
312281172
312373236
312373288
83429669
105036259
102524921
30492912
73543912
73550589
71901924
86053896
75061914
75354469
73606406
73915064
86052538
79270213
79271233
79300592
83429709
88579264
88579277
91139602
97381604
95753867
98235425
98238027
98265790
97876210
97876316
97876994
103716776
82381968
129900966
76441369
65644819
67718136
55853212
79055250
63024082
45447264
97939856
30492922
52332675
97941161
97941213
52331740
52340272
52332244
74722571
52332300
52335706
132989059
94118029
47611067
229619353
133033593
133030580
52331629
52334403
52334865
52341336
52332516
52332650
52340641
52340353
52340349
52340330
101111151
98032716
122068605
73598931
130440936
90904192
62519131
261095684
81573270
134007118
85748693
93825670
96955473
68500613
121688562
128731118
135747112
73360868
133521806
133521862
133575211
133577868
250458220
250461353
53078739
229425760
52340335
66513839
69935682
40752390
86190427
247807669
247814436
247815971
53078859
53077951
73364099
41390727
121854622
52337252
52340312
52340253
52340290
52340320
133015144
133015375
133022905
229618620
123801937
52340258
52341337
48154033
79482340
94764756
98238004
252826079
85739876
85748014
50675187
82462436
49681592
134468558
134471858
134514856
121854596
133548758
133578440
121854635
248887232
52340074
79209821
128684387
82405952
69158369
248882091
250460676
